orig_channel	Category	CONFIRMED_FRAUD	NON_FRAUD	Grand Total	Share	PercentBad	PercentGood	WoE	IV
Digital mobile channel	7354	224384	231738	0.4699	0.8986	0.4626	-0.66	0.29
Enterprise channel	97	12763	12860	0.0261	0.0119	0.0263	0.8	0.01
Physical retail channel	733	247858	248591	0.504	0.0896	0.511	1.74	0.73
Grand Total	8184	485005	493189	1.0	1.0	1.0	0.0	1.03

orig_os	Category	CONFIRMED_FRAUD	NON_FRAUD	Grand Total	Share	PercentBad	PercentGood	WoE	IV
ANDROID	7088	350894	357982	0.7259	0.8661	0.7235	-0.18	0.03
IOS	1015	127177	128192	0.2599	0.124	0.2622	0.75	0.1
KIOSK	81	6934	7015	0.0142	0.0099	0.0143	0.37	0.0
Grand Total	8184	485005	493189	1.0	1.0	1.0	0.0	0.13

origination_type	Category	CONFIRMED_FRAUD	NON_FRAUD	Grand Total	Share	PercentBad	PercentGood	WoE	IV
 	48	975	1023	0.0021	0.0059	0.002	-1.07	0.0
DIGITAL	8103	478071	486174	0.9858	0.9901	0.9857	-0.0	0.0
PHYSICAL	33	5959	5992	0.0121	0.004	0.0123	1.11	0.01
Grand Total	8184	485005	493189	1.0	1.0	1.0	0.0	0.01

origination_sub_type	Category	CONFIRMED_FRAUD	NON_FRAUD	Grand Total	Share	PercentBad	PercentGood	WoE	IV
 	48	975	1023	0.0021	0.0059	0.002	-1.07	0.0
Enterprise_Digital	95	12543	12638	0.0256	0.0116	0.0259	0.8	0.01
Enterprise_Kiosk	2	220	222	0.0005	0.0002	0.0005	0.62	0.0
Physical_BA_Supported	702	242119	242821	0.4923	0.0858	0.4992	1.76	0.73
Purely_Digital	7306	223409	230715	0.4678	0.8927	0.4606	-0.66	0.29
Purely_Physical_Kiosk	31	5739	5770	0.0117	0.0038	0.0118	1.14	0.01
Grand Total	8184	485005	493189	1.0	1.0	1.0	0.0	1.04

carded_status	Category	CONFIRMED_FRAUD	NON_FRAUD	Grand Total	Share	PercentBad	PercentGood	WoE	IV
NO	6649	153395	160044	0.3245	0.8124	0.3163	-0.94	0.47
YES	1535	331610	333145	0.6755	0.1876	0.6837	1.29	0.64
Grand Total	8184	485005	493189	1.0	1.0	1.0	0.0	1.11

card_type	Category	CONFIRMED_FRAUD	NON_FRAUD	Grand Total	Share	PercentBad	PercentGood	WoE	IV
PHYSICAL_CARD	1535	331610	333145	0.6755	0.1876	0.6837	1.29	0.64
VIRTUAL_CARD	6649	153395	160044	0.3245	0.8124	0.3163	-0.94	0.47
Grand Total	8184	485005	493189	1.0	1.0	1.0	0.0	1.11

orig_primary_source_of_funds	Category	CONFIRMED_FRAUD	NON_FRAUD	Grand Total	Share	PercentBad	PercentGood	WoE	IV
Allowance	909	38509	39418	0.0799	0.1111	0.0794	-0.34	0.01
Business Proceeds (Entities only)	517	15344	15861	0.0322	0.0632	0.0316	-0.69	0.02
Donation	4	259	263	0.0005	0.0005	0.0005	0.09	0.0
Government Aid	14	564	578	0.0012	0.0017	0.0012	-0.39	0.0
Inheritance	11	371	382	0.0008	0.0013	0.0008	-0.56	0.0
Investment	165	3778	3943	0.008	0.0202	0.0078	-0.95	0.01
Pension	95	3653	3748	0.0076	0.0116	0.0075	-0.43	0.0
Personal Savings	3133	179831	182964	0.371	0.3828	0.3708	-0.03	0.0
Remittance	182	10474	10656	0.0216	0.0222	0.0216	-0.03	0.0
Salary	3154	232222	235376	0.4773	0.3854	0.4788	0.22	0.02
Grand Total	8184	485005	493189	1.0	1.0	1.0	0.0	0.07

orig_industry	Category	CONFIRMED_FRAUD	NON_FRAUD	Grand Total	Share	PercentBad	PercentGood	WoE	IV
Accounting	135	6606	6741	0.0137	0.0165	0.0136	-0.19	0.0
Automotive Dealing	28	2150	2178	0.0044	0.0034	0.0044	0.26	0.0
Beauty and Personal Care	81	2858	2939	0.006	0.0099	0.0059	-0.52	0.0
Financial Services	347	12473	12820	0.026	0.0424	0.0257	-0.5	0.01
Food and Beverage	308	17786	18094	0.0367	0.0376	0.0367	-0.03	0.0
Gambling	35	1337	1372	0.0028	0.0043	0.0028	-0.44	0.0
Government	413	40636	41049	0.0832	0.0505	0.0838	0.51	0.02
Healthcare	96	17415	17511	0.0355	0.0117	0.0359	1.12	0.03
Jewelery	19	554	573	0.0012	0.0023	0.0011	-0.71	0.0
Legal	14	1798	1812	0.0037	0.0017	0.0037	0.77	0.0
Lending	20	1281	1301	0.0026	0.0024	0.0026	0.08	0.0
Media and entertainment	31	2479	2510	0.0051	0.0038	0.0051	0.3	0.0
Money exchange / pawnshop	10	379	389	0.0008	0.0012	0.0008	-0.45	0.0
Non profit and NGO	17	1723	1740	0.0035	0.0021	0.0036	0.54	0.0
Not on the list	576	71904	72480	0.147	0.0704	0.1483	0.75	0.06
Overseas Foreign Worker	136	21859	21995	0.0446	0.0166	0.0451	1.0	0.03
Self-employed	2616	98617	101233	0.2053	0.3196	0.2033	-0.45	0.05
Tech Telecoms/ BPO	630	41413	42043	0.0852	0.077	0.0854	0.1	0.0
TechTelecoms/ BPO	48	2853	2901	0.0059	0.0059	0.0059	0.0	0.0
Transportation	223	18342	18565	0.0376	0.0272	0.0378	0.33	0.0
Unemployed/Student	2401	120542	122943	0.2493	0.2934	0.2485	-0.17	0.01
Grand Total	8184	485005	493189	1.0	1.0	1.0	0.0	0.21

orig_occupation	Category	CONFIRMED_FRAUD	NON_FRAUD	Grand Total	Share	PercentBad	PercentGood	WoE	IV
Accountant	87	2584	2671	0.0054	0.0106	0.0053	-0.69	0.0
Aesthetic professional	9	413	422	0.0009	0.0011	0.0009	-0.26	0.0
Bank employee	91	4357	4448	0.009	0.0111	0.009	-0.21	0.0
Casino employee	23	779	802	0.0016	0.0028	0.0016	-0.56	0.0
Chef	6	946	952	0.0019	0.0007	0.002	0.98	0.0
Chief executives	69	2281	2350	0.0048	0.0084	0.0047	-0.58	0.0
Controller	7	294	301	0.0006	0.0009	0.0006	-0.34	0.0
Dentist	5	484	489	0.001	0.0006	0.001	0.49	0.0
Doctor	8	2319	2327	0.0047	0.001	0.0048	1.59	0.01
Domestic helper	56	4465	4521	0.0092	0.0068	0.0092	0.3	0.0
Driver	188	14768	14956	0.0303	0.023	0.0304	0.28	0.0
E Money Issuing	34	450	484	0.001	0.0042	0.0009	-1.5	0.0
Factory Worker	15	2118	2133	0.0043	0.0018	0.0044	0.87	0.0
Film / Video	9	515	524	0.0011	0.0011	0.0011	-0.04	0.0
Flight attendant	0	107	107	0.0002	0.0	0.0002	0.0	0.0
Government official	85	3983	4068	0.0082	0.0104	0.0082	-0.23	0.0
Government staff	213	16238	16451	0.0334	0.026	0.0335	0.25	0.0
Hairstylist	19	503	522	0.0011	0.0023	0.001	-0.81	0.0
Housewife	1259	35533	36792	0.0746	0.1538	0.0733	-0.74	0.06
Insurance employee	36	1217	1253	0.0025	0.0044	0.0025	-0.56	0.0
Judge	2	14	16	0.0	0.0002	0.0	-2.14	0.0
Lawyer	1	372	373	0.0008	0.0001	0.0008	1.84	0.0
Make up artist	22	263	285	0.0006	0.0027	0.0005	-1.6	0.0
Media and entertainment Worker	18	1255	1273	0.0026	0.0022	0.0026	0.16	0.0
Medical professional	3	855	858	0.0017	0.0004	0.0018	1.57	0.0
Middle management	143	12179	12322	0.025	0.0175	0.0251	0.36	0.0
Not on the list	576	71904	72480	0.147	0.0704	0.1483	0.75	0.06
Nurse	23	5027	5050	0.0102	0.0028	0.0104	1.31	0.01
Other Beauty and Personal Care Worker	31	1679	1710	0.0035	0.0038	0.0035	-0.09	0.0
Other Financial Services Worker	94	5115	5209	0.0106	0.0115	0.0105	-0.09	0.0
Other Government Worker	85	11249	11334	0.023	0.0104	0.0232	0.8	0.01
Other Healthcare Worker	60	9585	9645	0.0196	0.0073	0.0198	0.99	0.01
Other Legal Worker	11	1389	1400	0.0028	0.0013	0.0029	0.76	0.0
Other Overseas Foreign Worker	29	7232	7261	0.0147	0.0035	0.0149	1.44	0.02
Other Transportation Worker	29	3008	3037	0.0062	0.0035	0.0062	0.56	0.0
Other Unemployed/Student	1000	77464	78464	0.1591	0.1222	0.1597	0.27	0.01
Other Worker	8	450	458	0.0009	0.001	0.0009	-0.05	0.0
Persons with disability	33	929	962	0.002	0.004	0.0019	-0.74	0.0
Pilot	1	82	83	0.0002	0.0001	0.0002	0.32	0.0
Prosecutor	0	23	23	0.0	0.0	0.0	0.0	0.0
Radio / News paper	0	127	127	0.0003	0.0	0.0003	0.0	0.0
Rank and file	11	3980	3991	0.0081	0.0013	0.0082	1.81	0.01
Real Estate employee	13	436	449	0.0009	0.0016	0.0009	-0.57	0.0
Remittance employee	79	898	977	0.002	0.0097	0.0019	-1.65	0.01
Retired	109	6616	6725	0.0136	0.0133	0.0136	0.02	0.0
Sabong employee	4	108	112	0.0002	0.0005	0.0002	-0.79	0.0
Seaferer	27	6243	6270	0.0127	0.0033	0.0129	1.36	0.01
Self-employed	2616	98617	101233	0.2053	0.3196	0.2033	-0.45	0.05
Senior management	86	4682	4768	0.0097	0.0105	0.0097	-0.08	0.0
Staff	823	52725	53548	0.1086	0.1006	0.1087	0.08	0.0
Technician / Engineer	5	377	382	0.0008	0.0006	0.0008	0.24	0.0
Television / Social Media	4	582	586	0.0012	0.0005	0.0012	0.9	0.0
Uniformed personnel	19	5186	5205	0.0106	0.0023	0.0107	1.53	0.01
Grand Total	8184	485005	493189	1.0	1.0	1.0	0.0	0.33

athena_fraud_tag	Category	CONFIRMED_FRAUD	NON_FRAUD	Grand Total	Share	PercentBad	PercentGood	WoE	IV
CONFIRMED_FRAUD	2022	0	2022	0.0041	0.2471	0.0	0.0	-0.0
NON_FRAUD	0	37	37	0.0001	0.0	0.0001	0.0	0.0
NO_TAG	6162	54643	60805	0.1233	0.7529	0.1127	-1.9	1.22
No Athena Tag	0	430325	430325	0.8725	0.0	0.8873	0.0	0.0
Grand Total	8184	485005	493189	1.0	1.0	1.0	0.0	1.22

acc_mgmt_channel	Category	CONFIRMED_FRAUD	NON_FRAUD	Grand Total	Share	PercentBad	PercentGood	WoE	IV
Digital mobile channel	7254	217810	225064	0.4563	0.8864	0.4491	-0.68	0.3
Enterprise channel	101	15979	16080	0.0326	0.0123	0.0329	0.98	0.02
Physical retail channel	829	251216	252045	0.5111	0.1013	0.518	1.63	0.68
Grand Total	8184	485005	493189	1.0	1.0	1.0	0.0	1.0

first_kiosk_interaction_organisation_site_name	Category	CONFIRMED_FRAUD	NON_FRAUD	Grand Total	Share	PercentBad	PercentGood	WoE	IV
Accenture 40th Anniversary Fun Run	0	8	8	0.0	0.0	0.0	0.0	0.0
Accenture Cyberpark Tower 1 QC	0	104	104	0.0002	0.0	0.0002	0.0	0.0
Accenture Filinvest Axis Tower 1 Muntinlupa	0	20	20	0.0	0.0	0.0	0.0	0.0
Accenture Filinvest Cyberzone Tower 1 Cebu	1	81	82	0.0002	0.0001	0.0002	0.31	0.0
Accenture Gateway Tower 2 QC	0	75	75	0.0002	0.0	0.0002	0.0	0.0
Accenture Robinsons Cybergate 1	1	215	216	0.0004	0.0001	0.0004	1.29	0.0
Accenture Robinsons Cybergate 2	1	493	494	0.001	0.0001	0.001	2.12	0.0
Accenture Uptown Tower 2 Taguig	0	72	72	0.0001	0.0	0.0001	0.0	0.0
Accenture Valdez Center Building A Ilocos Norte	0	19	19	0.0	0.0	0.0	0.0	0.0
Accenture e-Bloc Tower 2 Cebu	0	100	100	0.0002	0.0	0.0002	0.0	0.0
Asian Hospital and Medical Center	0	430	430	0.0009	0.0	0.0009	0.0	0.0
CEB PAC G/F Crew Lounge	12	220	232	0.0005	0.0015	0.0005	-1.17	0.0
Cardinal Santos Medical Center	1	249	250	0.0005	0.0001	0.0005	1.44	0.0
Cognizant Giga Tower 24F QC	1	92	93	0.0002	0.0001	0.0002	0.44	0.0
Cognizant Science Hub 2 McKinley Hills Taguig 7F	0	42	42	0.0001	0.0	0.0001	0.0	0.0
Cognizant Science Hub 4 McKinley Hills Taguig 3F	1	84	85	0.0002	0.0001	0.0002	0.35	0.0
Cognizant Skyrise Bldg Cebu IT Park	0	77	77	0.0002	0.0	0.0002	0.0	0.0
Concentrix AIA 6F Bacolod	0	43	43	0.0001	0.0	0.0001	0.0	0.0
Concentrix Bacolod Two Sanparq	2	148	150	0.0003	0.0002	0.0003	0.22	0.0
Concentrix Baguio 1	0	41	41	0.0001	0.0	0.0001	0.0	0.0
Concentrix Baguio 2	2	57	59	0.0001	0.0002	0.0001	-0.73	0.0
Concentrix CDO	0	61	61	0.0001	0.0	0.0001	0.0	0.0
Concentrix Cebu AsiaTown TGU	0	43	43	0.0001	0.0	0.0001	0.0	0.0
Concentrix Cebu Banawa	0	49	49	0.0001	0.0	0.0001	0.0	0.0
Concentrix Cebu Exchange Tower	3	438	441	0.0009	0.0004	0.0009	0.9	0.0
Concentrix Cebu JCenter	0	46	46	0.0001	0.0	0.0001	0.0	0.0
Concentrix Cebu Mactan	0	70	70	0.0001	0.0	0.0001	0.0	0.0
Concentrix Cebu Montage	0	40	40	0.0001	0.0	0.0001	0.0	0.0
Concentrix Cebu The Link	0	60	60	0.0001	0.0	0.0001	0.0	0.0
Concentrix Central Business District Naga	0	25	25	0.0001	0.0	0.0001	0.0	0.0
Concentrix Davao Abreeza	0	88	88	0.0002	0.0	0.0002	0.0	0.0
Concentrix Davao Damosa	0	103	103	0.0002	0.0	0.0002	0.0	0.0
Concentrix Davao Finance Center	0	168	168	0.0003	0.0	0.0003	0.0	0.0
Concentrix Eastwood MDC Building 100	0	125	125	0.0003	0.0	0.0003	0.0	0.0
Concentrix Iloilo	0	47	47	0.0001	0.0	0.0001	0.0	0.0
Concentrix Laguna Nuvali	0	186	186	0.0004	0.0	0.0004	0.0	0.0
Concentrix Makati Ayala North Exchange	3	322	325	0.0007	0.0004	0.0007	0.59	0.0
Concentrix Makati City Glorietta 5	2	247	249	0.0005	0.0002	0.0005	0.73	0.0
Concentrix Makati Security Land	0	65	65	0.0001	0.0	0.0001	0.0	0.0
Concentrix Manila Sta Cruz San Lazaro	3	141	144	0.0003	0.0004	0.0003	-0.23	0.0
Concentrix Muntinlupa Alabang 1	2	374	376	0.0008	0.0002	0.0008	1.15	0.0
Concentrix Muntinlupa Alabang 2	0	135	135	0.0003	0.0	0.0003	0.0	0.0
Concentrix Muntinlupa Alabang 3	0	88	88	0.0002	0.0	0.0002	0.0	0.0
Concentrix Quezon City Eton	2	161	163	0.0003	0.0002	0.0003	0.31	0.0
Concentrix Quezon City Spark Place	0	196	196	0.0004	0.0	0.0004	0.0	0.0
Concentrix Quezon City UP Science	0	161	161	0.0003	0.0	0.0003	0.0	0.0
Concentrix Quezon City UP Science 2	0	127	127	0.0003	0.0	0.0003	0.0	0.0
Concentrix UPA Building F (Ayala Technohub)	1	239	240	0.0005	0.0001	0.0005	1.39	0.0
Concentrix UPA Building G (Ayala Technohub)	0	95	95	0.0002	0.0	0.0002	0.0	0.0
Concentrix UPA Building M (Ayala Technohub)	1	46	47	0.0001	0.0001	0.0001	-0.25	0.0
Foundever Alabang	0	109	109	0.0002	0.0	0.0002	0.0	0.0
Foundever Ayala 30th	0	71	71	0.0001	0.0	0.0001	0.0	0.0
Foundever Baguio Cyber	0	153	153	0.0003	0.0	0.0003	0.0	0.0
Foundever Baguio Laokan	1	68	69	0.0001	0.0001	0.0001	0.14	0.0
Foundever Cebu Hub	0	34	34	0.0001	0.0	0.0001	0.0	0.0
Foundever Cebu RGC	2	102	104	0.0002	0.0002	0.0002	-0.15	0.0
Foundever Cebu Synergis	1	276	277	0.0006	0.0001	0.0006	1.54	0.0
Foundever Eton Ortigas 2F	2	180	182	0.0004	0.0002	0.0004	0.42	0.0
Foundever Eton Ortigas GF Recruitment Area	2	201	203	0.0004	0.0002	0.0004	0.53	0.0
Foundever Glorietta	0	144	144	0.0003	0.0	0.0003	0.0	0.0
Foundever Julia Vargas Ortigas	0	155	155	0.0003	0.0	0.0003	0.0	0.0
Foundever Palawan	0	81	81	0.0002	0.0	0.0002	0.0	0.0
Foundever Tarlac 2	1	310	311	0.0006	0.0001	0.0006	1.65	0.0
Galleria Corporate Center	0	155	155	0.0003	0.0	0.0003	0.0	0.0
GoTyme Bank Head Office	0	3	3	0.0	0.0	0.0	0.0	0.0
MASA QC HQ Lobby	0	15	15	0.0	0.0	0.0	0.0	0.0
MIN PROJECT BUPHARCO MAR 2025	0	27	27	0.0001	0.0	0.0001	0.0	0.0
MIN PROJECT GAISANO CAPITAL PAGADIAN JAN 2025	0	8	8	0.0	0.0	0.0	0.0	0.0
MIN PROJECT GAISANO MALL TAGUM SEPT 2024	2	3	5	0.0	0.0002	0.0	-3.68	0.0
MIN_PROJECT GAISANO CITY MALL CDO OCT 2024	0	13	13	0.0	0.0	0.0	0.0	0.0
MIN_PROJECT NCCC MALL VICTORIA PLAZA DAVAO CITY NOV 2024	2	319	321	0.0007	0.0002	0.0007	0.99	0.0
MIN_PROJECT ORORAMA SUPERCENTER CDO Sep 2024	0	17	17	0.0	0.0	0.0	0.0	0.0
MIN_PROJECT SIARGAO_AVENTINO_GL	0	94	94	0.0002	0.0	0.0002	0.0	0.0
MIN_PROJECT SIARGAO_BUTANG_GL	1	62	63	0.0001	0.0001	0.0001	0.05	0.0
MIN_PROJECT SIARGAO_TOMNTOMS_GL	0	29	29	0.0001	0.0	0.0001	0.0	0.0
Maxicare_Makati Medical Center Tower 1 2F	1	79	80	0.0002	0.0001	0.0002	0.29	0.0
NB Alabang Town Center	2	406	408	0.0008	0.0002	0.0008	1.23	0.0
NB Ayala Center Cebu	1	1025	1026	0.0021	0.0001	0.0021	2.85	0.01
NB Ayala Mall Circuit	3	265	268	0.0005	0.0004	0.0005	0.4	0.0
NB Ayala Mall Feliz	0	395	395	0.0008	0.0	0.0008	0.0	0.0
NB Ayala Mall Manila Bay	7	830	837	0.0017	0.0009	0.0017	0.69	0.0
NB Festival Mall Muntinlupa	2	398	400	0.0008	0.0002	0.0008	1.21	0.0
NB Galleria South San Pedro	0	347	347	0.0007	0.0	0.0007	0.0	0.0
NB Glorietta 4 Makati	9	1602	1611	0.0033	0.0011	0.0033	1.1	0.0
NB RP Antipolo	2	458	460	0.0009	0.0002	0.0009	1.35	0.0
NB RP Ermita Manila	27	728	755	0.0015	0.0033	0.0015	-0.79	0.0
NB RP Galleria	1	328	329	0.0007	0.0001	0.0007	1.71	0.0
NB RP Imus	1	654	655	0.0013	0.0001	0.0013	2.4	0.0
NB RP Metroeast	3	1192	1195	0.0024	0.0004	0.0025	1.9	0.0
NB Shangri-la Mandaluyong	1	400	401	0.0008	0.0001	0.0008	1.91	0.0
NB UP Town Center Katipunan	1	465	466	0.0009	0.0001	0.001	2.06	0.0
NLUZ PROJECT CSI MALL DAGUPAN OCT 2024	1	4	5	0.0	0.0001	0.0	-2.7	0.0
NLUZ PROJECT MAGIC MALL ALAMINOS DEC 2024	2	141	143	0.0003	0.0002	0.0003	0.17	0.0
NLUZ PROJECT MAGIC MALL MANGALDAN SEP 2024	1	147	148	0.0003	0.0001	0.0003	0.91	0.0
NLUZ PROJECT MAGIC MALL MANGATAREM SEP 2024	1	251	252	0.0005	0.0001	0.0005	1.44	0.0
NLUZ PROJECT VICTORY CENTER MALL SAN JOSE DEL MONTE BULACAN FEBRUARY 2025	2	896	898	0.0018	0.0002	0.0018	2.02	0.0
NLUZ Project 2 Brothers Supermarket DEC 2024	0	81	81	0.0002	0.0	0.0002	0.0	0.0
NLUZ Project JTC Mall Bantay Sep 2024	0	86	86	0.0002	0.0	0.0002	0.0	0.0
NLUZ Project JTC Mall Tagudin Sep 2024	0	129	129	0.0003	0.0	0.0003	0.0	0.0
NLUZ Project Magic Mall Tayug SEP 2024	0	177	177	0.0004	0.0	0.0004	0.0	0.0
NLUZ Project Magic Mall Urdaneta SEP 2024	1	619	620	0.0013	0.0001	0.0013	2.35	0.0
NLUZ_ PFF Maldives Game March 2025	0	67	67	0.0001	0.0	0.0001	0.0	0.0
NLUZ_JTC SUPERMARKET BANGUED Abra February 2025	1	271	272	0.0006	0.0001	0.0006	1.52	0.0
NLUZ_JTC SUPERMARKET BATAC Ilocos Norte February 2025	0	449	449	0.0009	0.0	0.0009	0.0	0.0
NLUZ_JUMBO Jenra Apalit  Pampanga February 2025	3	337	340	0.0007	0.0004	0.0007	0.64	0.0
NLUZ_Jumbo Jenra Dau Mabalacat Pampanga February 2025	1	784	785	0.0016	0.0001	0.0016	2.58	0.0
NLUZ_Jumbo Jenra Dolores Pampanga February 2025	1	399	400	0.0008	0.0001	0.0008	1.91	0.0
NLUZ_Jumbo Jenra Grandmall Angeles Pampanga February 2025	4	894	898	0.0018	0.0005	0.0018	1.33	0.0
NLUZ_Jumbo Sandilan San Fernando February 2025	1	278	279	0.0006	0.0001	0.0006	1.55	0.0
NLUZ_Magic Mall Lingayen Pangasinan February 2025	1	678	679	0.0014	0.0001	0.0014	2.44	0.0
NLUZ_Magic Star Mall, Tarlac February 2025	1	628	629	0.0013	0.0001	0.0013	2.36	0.0
NLUZ_NE PACIFIC SHOPPING CENTER Cabanatuan City Nueva Ecija February 2025	0	762	762	0.0015	0.0	0.0016	0.0	0.0
NLUZ_Panda Legends_March 2025	0	24	24	0.0	0.0	0.0	0.0	0.0
NLUZ_Unitop Baliwag Bulacan February 2025	1	730	731	0.0015	0.0001	0.0015	2.51	0.0
NNCR_Bridgetowne Pride Night Event May 2025	0	2	2	0.0	0.0	0.0	0.0	0.0
NNCR_Ever Gotesco Commonwealth Oct 2024	0	2	2	0.0	0.0	0.0	0.0	0.0
NNCR_FHMoms Ultra Mom Fest Event May 2025	0	50	50	0.0001	0.0	0.0001	0.0	0.0
NNCR_Fishermall Malabon Sept 2024	6	331	337	0.0007	0.0007	0.0007	-0.07	0.0
NNCR_Fishermall Quezon Ave Oct 2024	4	183	187	0.0004	0.0005	0.0004	-0.26	0.0
NNCR_Gaisano Binangonan Oct 2024	0	26	26	0.0001	0.0	0.0001	0.0	0.0
NNCR_Primark Kasiglahan Oct 2024	2	9	11	0.0	0.0002	0.0	-2.58	0.0
NNCR_Riverbanks Oct 2024	2	241	243	0.0005	0.0002	0.0005	0.71	0.0
NNCR_Tanay Town Center Dec 2024	1	45	46	0.0001	0.0001	0.0001	-0.28	0.0
NNCR_Uno West Insula Sept 2024	0	4	4	0.0	0.0	0.0	0.0	0.0
NNCR_Victory Liner Feb 2025	1	3	4	0.0	0.0001	0.0	-2.98	0.0
NNCR_Wilcon Home Essential_Dec 2024	0	2	2	0.0	0.0	0.0	0.0	0.0
NNCR_XENTROMALL MONTALBAN_DEC 2024	1	76	77	0.0002	0.0001	0.0002	0.25	0.0
NNCR_XRC Square Oct 2024	1	3	4	0.0	0.0001	0.0	-2.98	0.0
No Kiosk Interaction	6645	153370	160015	0.3244	0.812	0.3162	-0.94	0.47
POPS District Building Wodd Coffee Shop Siargao	0	23	23	0.0	0.0	0.0	0.0	0.0
Polystar Office Moonwalk	2	130	132	0.0003	0.0002	0.0003	0.09	0.0
RDS ABREEZA MALL DAVAO	5	1935	1940	0.0039	0.0006	0.004	1.88	0.01
RDS AYALA CAGAYAN DE ORO	1	647	648	0.0013	0.0001	0.0013	2.39	0.0
RDS CITI SQUARE MALABON	1	627	628	0.0013	0.0001	0.0013	2.36	0.0
RDS FESTIVAL MALL ALABANG	3	1335	1338	0.0027	0.0004	0.0028	2.02	0.0
RDS GALLERIA SOUTH	1	687	688	0.0014	0.0001	0.0014	2.45	0.0
RDS GEN TRIAS	3	1359	1362	0.0028	0.0004	0.0028	2.03	0.0
RDS LIMKETKEI CAGAYAN DE ORO	1	974	975	0.002	0.0001	0.002	2.8	0.01
RDS MALL OF AL NOR COTABATO	5	773	778	0.0016	0.0006	0.0016	0.96	0.0
RDS NEPOMALL ANGELES	3	1642	1645	0.0033	0.0004	0.0034	2.22	0.01
RDS NEPOMALL DAGUPAN	0	527	527	0.0011	0.0	0.0011	0.0	0.0
RDS RP ANGELES	0	261	261	0.0005	0.0	0.0005	0.0	0.0
RDS RP ANTIQUE	0	452	452	0.0009	0.0	0.0009	0.0	0.0
RDS RP Antipolo	8	1362	1370	0.0028	0.001	0.0028	1.06	0.0
RDS RP BACOLOD	5	882	887	0.0018	0.0006	0.0018	1.09	0.0
RDS RP Butuan	4	808	812	0.0016	0.0005	0.0017	1.23	0.0
RDS RP CABANATUAN	2	833	835	0.0017	0.0002	0.0017	1.95	0.0
RDS RP Cebu	50	1460	1510	0.0031	0.0061	0.003	-0.71	0.0
RDS RP DUMAGUETE	2	855	857	0.0017	0.0002	0.0018	1.98	0.0
RDS RP Ermita	8	923	931	0.0019	0.001	0.0019	0.67	0.0
RDS RP GEN SAN	3	1040	1043	0.0021	0.0004	0.0021	1.77	0.0
RDS RP Galleria	1	562	563	0.0011	0.0001	0.0012	2.25	0.0
RDS RP Gapan	1	935	936	0.0019	0.0001	0.0019	2.76	0.0
RDS RP ILIGAN	4	1074	1078	0.0022	0.0005	0.0022	1.51	0.0
RDS RP ILOCOS NORTE	4	1371	1375	0.0028	0.0005	0.0028	1.76	0.0
RDS RP ILOILO	2	1232	1234	0.0025	0.0002	0.0025	2.34	0.01
RDS RP IMUS	2	875	877	0.0018	0.0002	0.0018	2.0	0.0
RDS RP JARO	2	603	605	0.0012	0.0002	0.0012	1.63	0.0
RDS RP LAS PINAS	5	1189	1194	0.0024	0.0006	0.0025	1.39	0.0
RDS RP La Union	2	1804	1806	0.0037	0.0002	0.0037	2.72	0.01
RDS RP Lipa	6	605	611	0.0012	0.0007	0.0012	0.53	0.0
RDS RP MAGNOLIA	1	279	280	0.0006	0.0001	0.0006	1.55	0.0
RDS RP METROEAST	5	1175	1180	0.0024	0.0006	0.0024	1.38	0.0
RDS RP Malolos	6	1802	1808	0.0037	0.0007	0.0037	1.62	0.0
RDS RP NAGA	1	786	787	0.0016	0.0001	0.0016	2.58	0.0
RDS RP NORTH TACLOBAN	2	618	620	0.0013	0.0002	0.0013	1.65	0.0
RDS RP ORMOC	3	679	682	0.0014	0.0004	0.0014	1.34	0.0
RDS RP PALAWAN	3	1065	1068	0.0022	0.0004	0.0022	1.79	0.0
RDS RP PAMPANGA	4	1464	1468	0.003	0.0005	0.003	1.82	0.0
RDS RP PANGASINAN	6	1292	1298	0.0026	0.0007	0.0027	1.29	0.0
RDS RP PAVIA	0	448	448	0.0009	0.0	0.0009	0.0	0.0
RDS RP ROXAS	1	1502	1503	0.003	0.0001	0.0031	3.23	0.01
RDS RP SANTIAGO	2	1731	1733	0.0035	0.0002	0.0036	2.68	0.01
RDS RP TACLOBAN	3	1357	1360	0.0028	0.0004	0.0028	2.03	0.0
RDS RP TAGUM	3	1086	1089	0.0022	0.0004	0.0022	1.81	0.0
RDS RP TUGUEGARAO	2	1443	1445	0.0029	0.0002	0.003	2.5	0.01
RDS RP VALENCIA	0	877	877	0.0018	0.0	0.0018	0.0	0.0
RDS Robinsons Galleria Cebu	3	651	654	0.0013	0.0004	0.0013	1.3	0.0
RDS TOWN CENTER CALAPAN	1	646	647	0.0013	0.0001	0.0013	2.39	0.0
RE 100 WEST MAKATI	0	258	258	0.0005	0.0	0.0005	0.0	0.0
RE Alaminos Laguna	1	419	420	0.0009	0.0001	0.0009	1.96	0.0
RE Alima Bay Bacoor	0	2	2	0.0	0.0	0.0	0.0	0.0
RE Amaia Pasig	2	241	243	0.0005	0.0002	0.0005	0.71	0.0
RE Apalit Pampanga	3	305	308	0.0006	0.0004	0.0006	0.54	0.0
RE Arnaiz Pasay	1	401	402	0.0008	0.0001	0.0008	1.91	0.0
RE Aurora Escalades	2	212	214	0.0004	0.0002	0.0004	0.58	0.0
RE BF Resort Village Las Pinas	0	203	203	0.0004	0.0	0.0004	0.0	0.0
RE Babo Sacan Porac Pampanga	0	137	137	0.0003	0.0	0.0003	0.0	0.0
RE Bagong Kalsada Laguna	1	327	328	0.0007	0.0001	0.0007	1.71	0.0
RE Balisong Taal Batangas	1	194	195	0.0004	0.0001	0.0004	1.19	0.0
RE Bangad Cabanatuan	1	305	306	0.0006	0.0001	0.0006	1.64	0.0
RE Baras Rizal	1	297	298	0.0006	0.0001	0.0006	1.61	0.0
RE Basak Lapu-lapu Cebu	3	220	223	0.0005	0.0004	0.0005	0.21	0.0
RE Bauan Batangas	12	480	492	0.001	0.0015	0.001	-0.39	0.0
RE Better Living Paranaque	10	371	381	0.0008	0.0012	0.0008	-0.47	0.0
RE Binangonan Rizal	0	394	394	0.0008	0.0	0.0008	0.0	0.0
RE Birmingham Meadows	1	253	254	0.0005	0.0001	0.0005	1.45	0.0
RE Buhay na Tubig Imus	1	431	432	0.0009	0.0001	0.0009	1.98	0.0
RE Burgos Cavite City	4	297	301	0.0006	0.0005	0.0006	0.23	0.0
RE C&B Circle Mall Marikina	8	330	338	0.0007	0.001	0.0007	-0.36	0.0
RE C. RAYMUNDO PASIG	1	275	276	0.0006	0.0001	0.0006	1.53	0.0
RE CALACA	1	391	392	0.0008	0.0001	0.0008	1.89	0.0
RE CALUMPIT	1	156	157	0.0003	0.0001	0.0003	0.97	0.0
RE CULIAT TOWN CENTER	1	366	367	0.0007	0.0001	0.0008	1.82	0.0
RE Cabahug Cebu	3	222	225	0.0005	0.0004	0.0005	0.22	0.0
RE Cabuyao Bayan Laguna	0	360	360	0.0007	0.0	0.0007	0.0	0.0
RE Cacutud	0	228	228	0.0005	0.0	0.0005	0.0	0.0
RE Calamba	0	442	442	0.0009	0.0	0.0009	0.0	0.0
RE Capitol Blvd Pampanga	0	122	122	0.0002	0.0	0.0003	0.0	0.0
RE Casa Anselmo Malolos	0	82	82	0.0002	0.0	0.0002	0.0	0.0
RE Castillejos Zambales	0	589	589	0.0012	0.0	0.0012	0.0	0.0
RE City Center Tarlac	2	205	207	0.0004	0.0002	0.0004	0.55	0.0
RE Cityland Santolan Pasig	2	217	219	0.0004	0.0002	0.0004	0.6	0.0
RE Concepcion Tarlac	1	291	292	0.0006	0.0001	0.0006	1.59	0.0
RE Crown B Bldg Sto Tomas	1	81	82	0.0002	0.0001	0.0002	0.31	0.0
RE Cutcut Angeles Pampanga	0	138	138	0.0003	0.0	0.0003	0.0	0.0
RE Dahlia Avenue Quezon City	0	194	194	0.0004	0.0	0.0004	0.0	0.0
RE E. Rodriguez Sr. QC	1	626	627	0.0013	0.0001	0.0013	2.36	0.0
RE FIL AM FRIENDSHIP Angeles	5	226	231	0.0005	0.0006	0.0005	-0.27	0.0
RE Fairview Center Mall	0	564	564	0.0011	0.0	0.0012	0.0	0.0
RE Farmers Araneta Cubao	3	698	701	0.0014	0.0004	0.0014	1.37	0.0
RE Filinvest Batasan Hills	2	245	247	0.0005	0.0002	0.0005	0.73	0.0
RE Fortune King Naic Cavite	5	253	258	0.0005	0.0006	0.0005	-0.16	0.0
RE Friendship Angeles	1	536	537	0.0011	0.0001	0.0011	2.2	0.0
RE General Avenue QC	1	570	571	0.0012	0.0001	0.0012	2.26	0.0
RE Gil Carlos Baliwag	2	433	435	0.0009	0.0002	0.0009	1.3	0.0
RE Gloria Diaz Las Pinas	2	170	172	0.0003	0.0002	0.0004	0.36	0.0
RE Grand Villas Resort Pateros	2	339	341	0.0007	0.0002	0.0007	1.05	0.0
RE Green Gate Malagasang Imus	5	152	157	0.0003	0.0006	0.0003	-0.67	0.0
RE Guimba Nueva Ecija	1	568	569	0.0012	0.0001	0.0012	2.26	0.0
RE Gun-ob Looc Cebu	3	384	387	0.0008	0.0004	0.0008	0.77	0.0
RE HERMANOS SAN PABLO	3	555	558	0.0011	0.0004	0.0011	1.14	0.0
RE HPL Guiguinto Bulacan	1	0	1	0.0	0.0001	0.0	0.0	-0.0
RE Hagonoy Bulacan	1	123	124	0.0003	0.0001	0.0003	0.73	0.0
RE Harmony Village Laguna	0	230	230	0.0005	0.0	0.0005	0.0	0.0
RE Hilario San Pablo Laguna	2	378	380	0.0008	0.0002	0.0008	1.16	0.0
RE Hillside Plaza Sumulong	0	390	390	0.0008	0.0	0.0008	0.0	0.0
RE Holiday Island Bagong Silang	13	448	461	0.0009	0.0016	0.0009	-0.54	0.0
RE JP Rizal Pililla	0	214	214	0.0004	0.0	0.0004	0.0	0.0
RE Jocevil Centre Tumana	3	375	378	0.0008	0.0004	0.0008	0.75	0.0
RE Kambal Road San Mateo Rizal	1	508	509	0.001	0.0001	0.001	2.15	0.0
RE Kapitan Pepe Cabanatuan	0	98	98	0.0002	0.0	0.0002	0.0	0.0
RE LAGO DE ORO CALATAGAN BATANGAS	1	184	185	0.0004	0.0001	0.0004	1.13	0.0
RE Lagro Quirino Hi-Way	0	229	229	0.0005	0.0	0.0005	0.0	0.0
RE Lancaster Square Imus	1	256	257	0.0005	0.0001	0.0005	1.46	0.0
RE Liberty Building Boni	3	490	493	0.001	0.0004	0.001	1.01	0.0
RE Ligtasan Tarlac	0	149	149	0.0003	0.0	0.0003	0.0	0.0
RE M Naval Navotas	1	171	172	0.0003	0.0001	0.0004	1.06	0.0
RE Mactan Newtown Center	1	319	320	0.0006	0.0001	0.0007	1.68	0.0
RE Maginhawa Teachers Village	3	608	611	0.0012	0.0004	0.0013	1.23	0.0
RE Maguyam Road Silang Cavite	0	181	181	0.0004	0.0	0.0004	0.0	0.0
RE Malitlit	0	185	185	0.0004	0.0	0.0004	0.0	0.0
RE Manhattan Heights Cubao	1	277	278	0.0006	0.0001	0.0006	1.54	0.0
RE Mapandan Pangasinan	0	365	365	0.0007	0.0	0.0008	0.0	0.0
RE Mariposa Arcade Kapasigan	1	543	544	0.0011	0.0001	0.0011	2.22	0.0
RE Market Ave Pasig	2	520	522	0.0011	0.0002	0.0011	1.48	0.0
RE Market City Mall Tarlac	3	848	851	0.0017	0.0004	0.0017	1.56	0.0
RE Maypajo Caloocan	7	39	46	0.0001	0.0009	0.0001	-2.36	0.0
RE Megasaver Magalang	1	354	355	0.0007	0.0001	0.0007	1.79	0.0
RE Metro Point Mall Taft	7	2423	2430	0.0049	0.0009	0.005	1.76	0.01
RE Metroplaza Bagong Silang	7	411	418	0.0008	0.0009	0.0008	-0.01	0.0
RE N Domingo San Juan	0	219	219	0.0004	0.0	0.0005	0.0	0.0
RE Naga Road Las Pinas	0	313	313	0.0006	0.0	0.0006	0.0	0.0
RE Noah Building Aguirre	3	258	261	0.0005	0.0004	0.0005	0.37	0.0
RE Old Sauyo Quezon City	2	178	180	0.0004	0.0002	0.0004	0.41	0.0
RE One Mercedes Plaza Pasig	2	1233	1235	0.0025	0.0002	0.0025	2.34	0.01
RE Orani Bataan	1	228	229	0.0005	0.0001	0.0005	1.35	0.0
RE P Tuazon Benitez QC	0	544	544	0.0011	0.0	0.0011	0.0	0.0
RE PAJAC LAPU LAPU CEBU	0	161	161	0.0003	0.0	0.0003	0.0	0.0
RE PANDAN TABUN ANGELES	1	372	373	0.0008	0.0001	0.0008	1.84	0.0
RE PARIAN CALAMBA LAGUNA	6	1267	1273	0.0026	0.0007	0.0026	1.27	0.0
RE PITX	13	3130	3143	0.0064	0.0016	0.0065	1.4	0.01
RE POBLACION EAST MUNOZ NE	1	549	550	0.0011	0.0001	0.0011	2.23	0.0
RE Pembo Makati	1	430	431	0.0009	0.0001	0.0009	1.98	0.0
RE Platinum Plaza Pardo Cebu	0	257	257	0.0005	0.0	0.0005	0.0	0.0
RE Project 4 Quezon City	4	516	520	0.0011	0.0005	0.0011	0.78	0.0
RE QUEZON AVENUE	0	416	416	0.0008	0.0	0.0009	0.0	0.0
RE Rizal Nueva Ecija	2	628	630	0.0013	0.0002	0.0013	1.67	0.0
RE Robinsons Homes Antipolo	2	277	279	0.0006	0.0002	0.0006	0.85	0.0
RE Roblou Market Place Cainta	4	291	295	0.0006	0.0005	0.0006	0.21	0.0
RE Rodlea Bldg Bamban Tarlac	0	201	201	0.0004	0.0	0.0004	0.0	0.0
RE SAN FRANCISCO LAGUNA	0	299	299	0.0006	0.0	0.0006	0.0	0.0
RE SINILOAN LAGUNA	5	339	344	0.0007	0.0006	0.0007	0.13	0.0
RE SKYLINE DRIVE SJDM BULACAN	35	560	595	0.0012	0.0043	0.0012	-1.31	0.0
RE SUCLAYIN BALER AURORA	0	129	129	0.0003	0.0	0.0003	0.0	0.0
RE Sacred Heart Caloocan	0	242	242	0.0005	0.0	0.0005	0.0	0.0
RE San Agustin Tanza Cavite	0	208	208	0.0004	0.0	0.0004	0.0	0.0
RE San Isidro Candon City	1	483	484	0.001	0.0001	0.001	2.1	0.0
RE San Jose Del Monte Bulacan	2	251	253	0.0005	0.0002	0.0005	0.75	0.0
RE San Lorenzo Place Makati	2	617	619	0.0013	0.0002	0.0013	1.65	0.0
RE San Lucas Laguna	0	3	3	0.0	0.0	0.0	0.0	0.0
RE San Mateo	1	603	604	0.0012	0.0001	0.0012	2.32	0.0
RE San Miguel	3	164	167	0.0003	0.0004	0.0003	-0.08	0.0
RE San Sebastian Tarlac	0	140	140	0.0003	0.0	0.0003	0.0	0.0
RE San Vicente Tarlac	0	155	155	0.0003	0.0	0.0003	0.0	0.0
RE Sandoval Avenue Pasig	2	400	402	0.0008	0.0002	0.0008	1.22	0.0
RE Shop N Ride Novaliches	1	366	367	0.0007	0.0001	0.0008	1.82	0.0
RE Solana Plaza Bacolor	5	320	325	0.0007	0.0006	0.0007	0.08	0.0
RE Soldiers Muntinlupa	0	3	3	0.0	0.0	0.0	0.0	0.0
RE Stamford McKinley Hill	0	353	353	0.0007	0.0	0.0007	0.0	0.0
RE Starhomes Tarlac	0	99	99	0.0002	0.0	0.0002	0.0	0.0
RE Sto. Domingo Binan Laguna	0	255	255	0.0005	0.0	0.0005	0.0	0.0
RE Sunbest Building Lagro	2	127	129	0.0003	0.0002	0.0003	0.07	0.0
RE Susano Complex Novaliches	2	435	437	0.0009	0.0002	0.0009	1.3	0.0
RE The Emerald Court Project 6	0	283	283	0.0006	0.0	0.0006	0.0	0.0
RE The Link	1	454	455	0.0009	0.0001	0.0009	2.04	0.0
RE The O Place Kamuning	1	348	349	0.0007	0.0001	0.0007	1.77	0.0
RE UP Dilimall	0	482	482	0.001	0.0	0.001	0.0	0.0
RE Valenzuela Town Center	2	1083	1085	0.0022	0.0002	0.0022	2.21	0.0
RE Vibo Place Cebu	2	243	245	0.0005	0.0002	0.0005	0.72	0.0
RE Victory Station Olongapo	7	900	907	0.0018	0.0009	0.0019	0.77	0.0
RLC ALPHA Tower	2	557	559	0.0011	0.0002	0.0011	1.55	0.0
RLC BETA Tower	2	647	649	0.0013	0.0002	0.0013	1.7	0.0
RLC Exxa Tower	1	236	237	0.0005	0.0001	0.0005	1.38	0.0
RLC GAMMA Tower	4	646	650	0.0013	0.0005	0.0013	1.0	0.0
RLC Giga Tower	3	310	313	0.0006	0.0004	0.0006	0.56	0.0
RLC Omega Tower	7	969	976	0.002	0.0009	0.002	0.85	0.0
RLC Sigma Tower	1	439	440	0.0009	0.0001	0.0009	2.0	0.0
RLC Terra Tower	0	260	260	0.0005	0.0	0.0005	0.0	0.0
RLC Zeta Tower	0	96	96	0.0002	0.0	0.0002	0.0	0.0
RS Acacia Escalades Pasig	7	227	234	0.0005	0.0009	0.0005	-0.6	0.0
RS Al Nor Mall Cotabato	9	1122	1131	0.0023	0.0011	0.0023	0.74	0.0
RS Albay 738 Legazpi	2	917	919	0.0019	0.0002	0.0019	2.05	0.0
RS Alicia Isabela	0	152	152	0.0003	0.0	0.0003	0.0	0.0
RS B Hive Mall Valenzuela	3	709	712	0.0014	0.0004	0.0015	1.38	0.0
RS BORACAY	2	344	346	0.0007	0.0002	0.0007	1.07	0.0
RS Bacolod Triangle	1	876	877	0.0018	0.0001	0.0018	2.69	0.0
RS Balagtas Towncenter	2	713	715	0.0014	0.0002	0.0015	1.79	0.0
RS Banilad Cebu	0	367	367	0.0007	0.0	0.0008	0.0	0.0
RS Baseline Center Cebu	1	316	317	0.0006	0.0001	0.0007	1.67	0.0
RS Belmont One Minglanilla	5	398	403	0.0008	0.0006	0.0008	0.3	0.0
RS Berkeley Commonwealth	1	730	731	0.0015	0.0001	0.0015	2.51	0.0
RS Bluewave Marikina	11	797	808	0.0016	0.0013	0.0016	0.2	0.0
RS C3 Mall Pagadian	2	639	641	0.0013	0.0002	0.0013	1.68	0.0
RS CASA MIRA GUADALUPE	0	640	640	0.0013	0.0	0.0013	0.0	0.0
RS Calapan Towncenter Mall	4	1492	1496	0.003	0.0005	0.0031	1.84	0.0
RS California Mandaluyong	6	1246	1252	0.0025	0.0007	0.0026	1.25	0.0
RS Centro Mall Cabuyao	4	1151	1155	0.0023	0.0005	0.0024	1.58	0.0
RS Choice Market Pasig	4	2159	2163	0.0044	0.0005	0.0045	2.21	0.01
RS Circle C Congressional	9	515	524	0.0011	0.0011	0.0011	-0.04	0.0
RS Citi Square Malabon	4	1195	1199	0.0024	0.0005	0.0025	1.62	0.0
RS Citymall Roxas	2	206	208	0.0004	0.0002	0.0004	0.55	0.0
RS Cloverleaf Mall Balintawak	4	1507	1511	0.0031	0.0005	0.0031	1.85	0.0
RS Cybergate Davao	0	744	744	0.0015	0.0	0.0015	0.0	0.0
RS Dolores San Fernando	0	177	177	0.0004	0.0	0.0004	0.0	0.0
RS Dona Carmen Fairview	4	800	804	0.0016	0.0005	0.0016	1.22	0.0
RS Eastwood Technoplaza II	2	1023	1025	0.0021	0.0002	0.0021	2.16	0.0
RS Emall Naga	1	391	392	0.0008	0.0001	0.0008	1.89	0.0
RS Federal Bay Garden Pasay	4	265	269	0.0005	0.0005	0.0005	0.11	0.0
RS GCC Mexico Pampanga	0	235	235	0.0005	0.0	0.0005	0.0	0.0
RS GT Park Place Molo	2	511	513	0.001	0.0002	0.0011	1.46	0.0
RS Gateway Cubao	4	1616	1620	0.0033	0.0005	0.0033	1.92	0.01
RS Geege Mall Ozamiz	0	404	404	0.0008	0.0	0.0008	0.0	0.0
RS Graceland Malolos	1	346	347	0.0007	0.0001	0.0007	1.76	0.0
RS Guagua Towncenter	1	1256	1257	0.0025	0.0001	0.0026	3.05	0.01
RS Gusa Cagayan de Oro	2	143	145	0.0003	0.0002	0.0003	0.19	0.0
RS Happy Go Mall Valenzuela	8	746	754	0.0015	0.001	0.0015	0.45	0.0
RS Hermosa Bataan	0	518	518	0.0011	0.0	0.0011	0.0	0.0
RS Iba Town Center Zambales	3	451	454	0.0009	0.0004	0.0009	0.93	0.0
RS Island Central Mactan	7	1262	1269	0.0026	0.0009	0.0026	1.11	0.0
RS KAI MALL ZABARTE CALOOCAN	6	1792	1798	0.0036	0.0007	0.0037	1.62	0.0
RS Karangalan Pasig	2	534	536	0.0011	0.0002	0.0011	1.51	0.0
RS Kinghome Bucandala Imus	2	410	412	0.0008	0.0002	0.0008	1.24	0.0
RS Lavina Park Valencia	0	300	300	0.0006	0.0	0.0006	0.0	0.0
RS Lima Exchange Batangas	2	460	462	0.0009	0.0002	0.0009	1.36	0.0
RS Limketkai Mall CDO	6	821	827	0.0017	0.0007	0.0017	0.84	0.0
RS Lipa Town Center	2	315	317	0.0006	0.0002	0.0006	0.98	0.0
RS Madison Galeries Muntinlupa	2	134	136	0.0003	0.0002	0.0003	0.12	0.0
RS Main Square Molino	10	570	580	0.0012	0.0012	0.0012	-0.04	0.0
RS Mercedes Pasig	2	616	618	0.0013	0.0002	0.0013	1.65	0.0
RS Metro Central Mall Sta Cruz	4	1041	1045	0.0021	0.0005	0.0021	1.48	0.0
RS Metroplaza Quirino Caloocan	2	946	948	0.0019	0.0002	0.002	2.08	0.0
RS Metrotown Tarlac	4	845	849	0.0017	0.0005	0.0017	1.27	0.0
RS Montalban Towncenter	12	2832	2844	0.0058	0.0015	0.0058	1.38	0.01
RS Nepomall Angeles	5	829	834	0.0017	0.0006	0.0017	1.03	0.0
RS Nepomall Dagupan	1	565	566	0.0011	0.0001	0.0012	2.25	0.0
RS One Ayala Makati	1	569	570	0.0012	0.0001	0.0012	2.26	0.0
RS Open Market Mansilingan	1	845	846	0.0017	0.0001	0.0017	2.66	0.0
RS Ormoc Centrum	1	632	633	0.0013	0.0001	0.0013	2.37	0.0
RS Oroquieta Misamis Occ	0	221	221	0.0004	0.0	0.0005	0.0	0.0
RS Porta Vaga Mall Baguio	3	2726	2729	0.0055	0.0004	0.0056	2.73	0.01
RS Premier Plaza Silang	1	760	761	0.0015	0.0001	0.0016	2.55	0.0
RS Pueblo Verde Mactan	4	1398	1402	0.0028	0.0005	0.0029	1.77	0.0
RS RMR Square Tandang Sora	3	806	809	0.0016	0.0004	0.0017	1.51	0.0
RS RP Abucay Tacloban	8	1926	1934	0.0039	0.001	0.004	1.4	0.0
RS RP Angeles	8	661	669	0.0014	0.001	0.0014	0.33	0.0
RS RP Antipolo	7	1899	1906	0.0039	0.0009	0.0039	1.52	0.0
RS RP Antique	0	1629	1629	0.0033	0.0	0.0034	0.0	0.0
RS RP Bacolod	6	1645	1651	0.0033	0.0007	0.0034	1.53	0.0
RS RP Butuan	6	901	907	0.0018	0.0007	0.0019	0.93	0.0
RS RP Cagayan De Oro	1	146	147	0.0003	0.0001	0.0003	0.9	0.0
RS RP Cainta	7	884	891	0.0018	0.0009	0.0018	0.76	0.0
RS RP Cebu	5	1600	1605	0.0033	0.0006	0.0033	1.69	0.0
RS RP DUMAGUETE	4	1628	1632	0.0033	0.0005	0.0034	1.93	0.01
RS RP Dasmarinas	14	2851	2865	0.0058	0.0017	0.0059	1.23	0.01
RS RP Ermita	14	3069	3083	0.0063	0.0017	0.0063	1.31	0.01
RS RP Galleria South San Pedro	6	1796	1802	0.0037	0.0007	0.0037	1.62	0.0
RS RP General Santos	3	1739	1742	0.0035	0.0004	0.0036	2.28	0.01
RS RP General Trias	8	2028	2036	0.0041	0.001	0.0042	1.45	0.0
RS RP Iligan	8	1534	1542	0.0031	0.001	0.0032	1.17	0.0
RS RP Ilocos Norte	2	980	982	0.002	0.0002	0.002	2.11	0.0
RS RP Iloilo	3	2493	2496	0.0051	0.0004	0.0051	2.64	0.01
RS RP Imus	11	1485	1496	0.003	0.0013	0.0031	0.82	0.0
RS RP Jaro Iloilo	7	1603	1610	0.0033	0.0009	0.0033	1.35	0.0
RS RP La Union	6	1940	1946	0.0039	0.0007	0.004	1.7	0.01
RS RP Las Pinas	9	1430	1439	0.0029	0.0011	0.0029	0.99	0.0
RS RP Lipa	5	1773	1778	0.0036	0.0006	0.0037	1.79	0.01
RS RP Los Banos	0	687	687	0.0014	0.0	0.0014	0.0	0.0
RS RP Magnolia	15	1534	1549	0.0031	0.0018	0.0032	0.55	0.0
RS RP Malolos	5	1651	1656	0.0034	0.0006	0.0034	1.72	0.0
RS RP Metroeast	11	1533	1544	0.0031	0.0013	0.0032	0.86	0.0
RS RP Naga	5	1277	1282	0.0026	0.0006	0.0026	1.46	0.0
RS RP Novaliches	14	1993	2007	0.0041	0.0017	0.0041	0.88	0.0
RS RP Ormoc	2	1804	1806	0.0037	0.0002	0.0037	2.72	0.01
RS RP Otis	8	486	494	0.001	0.001	0.001	0.02	0.0
RS RP Pagadian	3	476	479	0.001	0.0004	0.001	0.98	0.0
RS RP Palawan	6	2870	2876	0.0058	0.0007	0.0059	2.09	0.01
RS RP Pangasinan	7	1313	1320	0.0027	0.0009	0.0027	1.15	0.0
RS RP Pavia Iloilo	4	1397	1401	0.0028	0.0005	0.0029	1.77	0.0
RS RP Roxas	4	742	746	0.0015	0.0005	0.0015	1.14	0.0
RS RP Santiago	0	911	911	0.0018	0.0	0.0019	0.0	0.0
RS RP Sta Rosa	3	1273	1276	0.0026	0.0004	0.0026	1.97	0.0
RS RP Tacloban	5	2820	2825	0.0057	0.0006	0.0058	2.25	0.01
RS RP Tagum	4	783	787	0.0016	0.0005	0.0016	1.19	0.0
RS RP Tarlac	4	569	573	0.0012	0.0005	0.0012	0.88	0.0
RS RP Tuguegarao	2	2219	2221	0.0045	0.0002	0.0046	2.93	0.01
RS RP Valencia	3	1161	1164	0.0024	0.0004	0.0024	1.88	0.0
RS Rioking Don Antonio	0	705	705	0.0014	0.0	0.0015	0.0	0.0
RS Robinsons Galleria QC	18	2512	2530	0.0051	0.0022	0.0052	0.86	0.0
RS San Carlos TC Pangasinan	2	920	922	0.0019	0.0002	0.0019	2.05	0.0
RS San Jose Occidental Mindoro	1	978	979	0.002	0.0001	0.002	2.8	0.01
RS San Miguel Bulacan	4	206	210	0.0004	0.0005	0.0004	-0.14	0.0
RS Sorin Mall Polomolok	2	573	575	0.0012	0.0002	0.0012	1.58	0.0
RS South Town Center Tabunok	3	988	991	0.002	0.0004	0.002	1.72	0.0
RS Southpark Mall Alabang	3	350	353	0.0007	0.0004	0.0007	0.68	0.0
RS Southwoods Mall Laguna	6	1002	1008	0.002	0.0007	0.0021	1.04	0.0
RS Starmills Pampanga	3	1889	1892	0.0038	0.0004	0.0039	2.36	0.01
RS Summit Ridge Tagaytay	5	1109	1114	0.0023	0.0006	0.0023	1.32	0.0
RS TOWNVILLE GAPAN NUEVA ECIJA	4	950	954	0.0019	0.0005	0.002	1.39	0.0
RS Talavera Square Ilagan	0	892	892	0.0018	0.0	0.0018	0.0	0.0
RS Talisay Cebu	2	581	583	0.0012	0.0002	0.0012	1.59	0.0
RS Targetmall Sta Rosa	1	1232	1233	0.0025	0.0001	0.0025	3.03	0.01
RS Town Mall Malabon	8	1629	1637	0.0033	0.001	0.0034	1.23	0.0
RS Townville Abreeza Davao	6	2751	2757	0.0056	0.0007	0.0057	2.05	0.01
RS Townville Arvo Dasmarinas	0	575	575	0.0012	0.0	0.0012	0.0	0.0
RS Townville BF Paranaque	3	378	381	0.0008	0.0004	0.0008	0.75	0.0
RS Townville Buhay na Tubig	27	329	356	0.0007	0.0033	0.0007	-1.58	0.0
RS Townville Cabanatuan	6	2128	2134	0.0043	0.0007	0.0044	1.79	0.01
RS Townville Meycauayan	3	550	553	0.0011	0.0004	0.0011	1.13	0.0
RS Townville Nuvali Sta Rosa	2	414	416	0.0008	0.0002	0.0009	1.25	0.0
RS Townville Pulilan	2	724	726	0.0015	0.0002	0.0015	1.81	0.0
RS Townville Regalado Fairview	2	536	538	0.0011	0.0002	0.0011	1.51	0.0
RS Tutuban Centermall	7	1050	1057	0.0021	0.0009	0.0022	0.93	0.0
RS Twin Lakes Village Batangas	1	354	355	0.0007	0.0001	0.0007	1.79	0.0
RS Victoria Tower Timog	5	611	616	0.0012	0.0006	0.0013	0.72	0.0
RS Victory Mall Caloocan	4	1376	1380	0.0028	0.0005	0.0028	1.76	0.0
RS Villamonte Bacolod	3	744	747	0.0015	0.0004	0.0015	1.43	0.0
RS Woodsville Merville	5	1147	1152	0.0023	0.0006	0.0024	1.35	0.0
RS Xentro Mall Lemery Batangas	4	1097	1101	0.0022	0.0005	0.0023	1.53	0.0
RS Xentro Mall Vigan	2	756	758	0.0015	0.0002	0.0016	1.85	0.0
RS Xevera Mabalacat	0	331	331	0.0007	0.0	0.0007	0.0	0.0
RS Z Square Banawe	1	506	507	0.001	0.0001	0.001	2.14	0.0
RSC PERDICES DUMAGUETE	1	460	461	0.0009	0.0001	0.0009	2.05	0.0
Robinson Cybergate Plaza	0	102	102	0.0002	0.0	0.0002	0.0	0.0
Robinson Cybergate Tower 3	1	205	206	0.0004	0.0001	0.0004	1.24	0.0
Robinsons Cybergate Iloilo	0	6	6	0.0	0.0	0.0	0.0	0.0
Robinsons Equitable Tower	7	937	944	0.0019	0.0009	0.0019	0.81	0.0
Robinsons Summit Center	1	201	202	0.0004	0.0001	0.0004	1.22	0.0
SLUZ_ Brent International Food Festival_March 15 2025	0	22	22	0.0	0.0	0.0	0.0	0.0
SLUZ_Ayala Mall Serin Tagaytay_Dec 2024	3	12	15	0.0	0.0004	0.0	-2.7	0.0
SLUZ_Bay Mall Batangas City_Dec 2024	2	13	15	0.0	0.0002	0.0	-2.21	0.0
SLUZ_CLA Town Center Mall Pagsanjan Laguna_Nov 2024	0	1	1	0.0	0.0	0.0	0.0	0.0
SLUZ_Central Mall Binan Laguna_Jan 2025	3	8	11	0.0	0.0004	0.0	-3.1	0.0
SLUZ_Imart Shopping Center Binan Laguna_Nov 2024	2	36	38	0.0001	0.0002	0.0001	-1.19	0.0
SLUZ_Lucky Golden Shopping Mall Padre Garcia Batangas_Jan 2025	1	6	7	0.0	0.0001	0.0	-2.29	0.0
SLUZ_Newstar Lipa Batangas_Jan 2025	3	8	11	0.0	0.0004	0.0	-3.1	0.0
SLUZ_Newstar Sta Rosa Laguna_Dec 2024	2	1	3	0.0	0.0002	0.0	-4.78	0.0
SLUZ_Nuciti Central Mall Calapan Mindoro_Oct 2024	0	1	1	0.0	0.0	0.0	0.0	0.0
SLUZ_Pacific Mall Lucena_Aug 2024	1	13	14	0.0	0.0001	0.0	-1.52	0.0
SLUZ_RFC Molino Mall_Dec 2024	7	35	42	0.0001	0.0009	0.0001	-2.47	0.0
SLUZ_Shoppers Gateway San Pablo Laguna_Dec 2024	0	10	10	0.0	0.0	0.0	0.0	0.0
SLUZ_Victory Mall & Market Tanauan_Sep 2024	3	28	31	0.0001	0.0004	0.0001	-1.85	0.0
SM Aura	2	468	470	0.001	0.0002	0.001	1.37	0.0
SM Seaside Cebu	0	16	16	0.0	0.0	0.0	0.0	0.0
SM Store BF Para√±aque	3	538	541	0.0011	0.0004	0.0011	1.11	0.0
SM Store Bacolod	0	8	8	0.0	0.0	0.0	0.0	0.0
SM Store Bacoor	1	435	436	0.0009	0.0001	0.0009	1.99	0.0
SM Store Baguio	0	540	540	0.0011	0.0	0.0011	0.0	0.0
SM Store Bataan	0	13	13	0.0	0.0	0.0	0.0	0.0
SM Store Batangas	0	45	45	0.0001	0.0	0.0001	0.0	0.0
SM Store Cabanatuan	0	13	13	0.0	0.0	0.0	0.0	0.0
SM Store Calamba	1	379	380	0.0008	0.0001	0.0008	1.86	0.0
SM Store Cauayan	0	11	11	0.0	0.0	0.0	0.0	0.0
SM Store Cebu	2	333	335	0.0007	0.0002	0.0007	1.03	0.0
SM Store Davao	2	720	722	0.0015	0.0002	0.0015	1.8	0.0
SM Store Fairview	4	665	669	0.0014	0.0005	0.0014	1.03	0.0
SM Store Iloilo	0	4	4	0.0	0.0	0.0	0.0	0.0
SM Store JMall	0	10	10	0.0	0.0	0.0	0.0	0.0
SM Store Lanang	4	469	473	0.001	0.0005	0.001	0.68	0.0
SM Store Laoag	0	1	1	0.0	0.0	0.0	0.0	0.0
SM Store Lipa	0	343	343	0.0007	0.0	0.0007	0.0	0.0
SM Store Lucena	0	18	18	0.0	0.0	0.0	0.0	0.0
SM Store Makati	1	326	327	0.0007	0.0001	0.0007	1.7	0.0
SM Store Mall of Asia	1	814	815	0.0017	0.0001	0.0017	2.62	0.0
SM Store Masinag	0	1	1	0.0	0.0	0.0	0.0	0.0
SM Store Megamall	2	568	570	0.0012	0.0002	0.0012	1.57	0.0
SM Store North EDSA	3	548	551	0.0011	0.0004	0.0011	1.13	0.0
SM Store Novaliches	0	12	12	0.0	0.0	0.0	0.0	0.0
SM Store Puerto Princesa	0	7	7	0.0	0.0	0.0	0.0	0.0
SM Store Santa Rosa	1	192	193	0.0004	0.0001	0.0004	1.18	0.0
SM Store Sorsogon	0	63	63	0.0001	0.0	0.0001	0.0	0.0
SM Store Southmall	1	488	489	0.001	0.0001	0.001	2.11	0.0
SM Store Sto. Tomas	0	85	85	0.0002	0.0	0.0002	0.0	0.0
SM Store Tanza	0	79	79	0.0002	0.0	0.0002	0.0	0.0
SM Store Tarlac	0	5	5	0.0	0.0	0.0	0.0	0.0
SM Store Tuguegarao	0	2	2	0.0	0.0	0.0	0.0	0.0
SNCR_ PFF Press Launch March 2025	0	22	22	0.0	0.0	0.0	0.0	0.0
SNCR_Divisoria Mall Aug 2024	2	14	16	0.0	0.0002	0.0	-2.14	0.0
SNCR_GTB Royal Caribbean Group_May 2025	0	3	3	0.0	0.0	0.0	0.0	0.0
SNCR_Greenhills Sep 2024	1	7	8	0.0	0.0001	0.0	-2.14	0.0
SNCR_Isetann Recto Dec 2024	10	10	20	0.0	0.0012	0.0	-4.08	0.0
SSD BANGUED - CAPITULATION	2	207	209	0.0004	0.0002	0.0004	0.56	0.0
SSD LUCENA 2	0	1018	1018	0.0021	0.0	0.0021	0.0	0.0
SSD LUCENA 3	1	886	887	0.0018	0.0001	0.0018	2.7	0.0
SSD ZAMBALES MASINLOC	1	136	137	0.0003	0.0001	0.0003	0.83	0.0
SW Anabu Imus	2	442	444	0.0009	0.0002	0.0009	1.32	0.0
SW Basak Cebu	6	862	868	0.0018	0.0007	0.0018	0.89	0.0
SW Chino Roces Makati	7	1179	1186	0.0024	0.0009	0.0024	1.04	0.0
SW Circuit Makati	21	1571	1592	0.0032	0.0026	0.0032	0.23	0.0
SW Commonwealth	2	547	549	0.0011	0.0002	0.0011	1.53	0.0
SW Festival Mall Alabang	13	2362	2375	0.0048	0.0016	0.0049	1.12	0.0
SW Gateway 2 Mall	7	1122	1129	0.0023	0.0009	0.0023	0.99	0.0
SW Grand Terminal Batangas	3	982	985	0.002	0.0004	0.002	1.71	0.0
SW LKK Center CDO	2	277	279	0.0006	0.0002	0.0006	0.85	0.0
SW Lancaster Imus	3	392	395	0.0008	0.0004	0.0008	0.79	0.0
SW San Pedro Laguna	1	268	269	0.0005	0.0001	0.0006	1.51	0.0
SW San Roque Antipolo	0	630	630	0.0013	0.0	0.0013	0.0	0.0
SW Shopking San Fernando	0	328	328	0.0007	0.0	0.0007	0.0	0.0
SW Sta Rosa	1	454	455	0.0009	0.0001	0.0009	2.04	0.0
SW Sucat	15	1076	1091	0.0022	0.0018	0.0022	0.19	0.0
Spatio Opus Mall	0	146	146	0.0003	0.0	0.0003	0.0	0.0
St Lukes BGC	1	103	104	0.0002	0.0001	0.0002	0.55	0.0
St Lukes QC	0	107	107	0.0002	0.0	0.0002	0.0	0.0
TMP 8 Forbes Town Road Taguig	3	291	294	0.0006	0.0004	0.0006	0.49	0.0
TMP AYALA ALABANG	2	291	293	0.0006	0.0002	0.0006	0.9	0.0
TMP Alphaland Makati	1	196	197	0.0004	0.0001	0.0004	1.2	0.0
TMP Ayala Center Cebu	1	403	404	0.0008	0.0001	0.0008	1.92	0.0
TMP Ayala The 30th Pasig	1	386	387	0.0008	0.0001	0.0008	1.87	0.0
TMP Ayala Triangle Makati	2	302	304	0.0006	0.0002	0.0006	0.94	0.0
TMP Banawa Cebu	2	317	319	0.0006	0.0002	0.0007	0.98	0.0
TMP CORINTHIAN HILLS	0	111	111	0.0002	0.0	0.0002	0.0	0.0
TMP Capitol	1	125	126	0.0003	0.0001	0.0003	0.75	0.0
TMP Central Square BGC	1	432	433	0.0009	0.0001	0.0009	1.99	0.0
TMP Centrio CDO	7	1510	1517	0.0031	0.0009	0.0031	1.29	0.0
TMP Century Mall Makati	4	265	269	0.0005	0.0005	0.0005	0.11	0.0
TMP EDSA Shangri-la	3	590	593	0.0012	0.0004	0.0012	1.2	0.0
TMP Eastwood Libis	0	201	201	0.0004	0.0	0.0004	0.0	0.0
TMP Galleria Cebu	4	1711	1715	0.0035	0.0005	0.0035	1.98	0.01
TMP KATIPUNAN	0	105	105	0.0002	0.0	0.0002	0.0	0.0
TMP Leonard Wood Baguio	0	123	123	0.0002	0.0	0.0003	0.0	0.0
TMP MAKATI	3	269	272	0.0006	0.0004	0.0006	0.41	0.0
TMP Met Live Pasay	2	364	366	0.0007	0.0002	0.0008	1.12	0.0
TMP Oakridge BC Cebu	2	334	336	0.0007	0.0002	0.0007	1.04	0.0
TMP Opus Bridge Towne	2	298	300	0.0006	0.0002	0.0006	0.92	0.0
TMP Parqal	3	408	411	0.0008	0.0004	0.0008	0.83	0.0
TMP Paseo de Magallanes	1	180	181	0.0004	0.0001	0.0004	1.11	0.0
TMP Powerplant Mall Rockwell	4	514	518	0.0011	0.0005	0.0011	0.77	0.0
TMP RP MAGNOLIA	2	621	623	0.0013	0.0002	0.0013	1.66	0.0
TMP Santolan Town Plaza	2	174	176	0.0004	0.0002	0.0004	0.38	0.0
TMP Tomas Morato	1	344	345	0.0007	0.0001	0.0007	1.76	0.0
TMP Uptown Place Mall Taguig	5	1157	1162	0.0024	0.0006	0.0024	1.36	0.0
TMP Venice Grand McKinley	2	875	877	0.0018	0.0002	0.0018	2.0	0.0
Teleperformance Alabang 19F	1	140	141	0.0003	0.0001	0.0003	0.86	0.0
Teleperformance Alabang 5F	1	225	226	0.0005	0.0001	0.0005	1.33	0.0
Teleperformance Alphaland Magallanes	1	7	8	0.0	0.0001	0.0	-2.14	0.0
Teleperformance Antipolo	1	215	216	0.0004	0.0001	0.0004	1.29	0.0
Teleperformance Aura	0	160	160	0.0003	0.0	0.0003	0.0	0.0
Teleperformance Ayala Makati	1	760	761	0.0015	0.0001	0.0016	2.55	0.0
Teleperformance Bacolod	0	305	305	0.0006	0.0	0.0006	0.0	0.0
Teleperformance Baguio	0	13	13	0.0	0.0	0.0	0.0	0.0
Teleperformance CDO	0	131	131	0.0003	0.0	0.0003	0.0	0.0
Teleperformance Cebu IT Park	0	374	374	0.0008	0.0	0.0008	0.0	0.0
Teleperformance Cebu Insular	0	18	18	0.0	0.0	0.0	0.0	0.0
Teleperformance Davao	1	78	79	0.0002	0.0001	0.0002	0.27	0.0
Teleperformance EDSA Mandaluyong	2	370	372	0.0008	0.0002	0.0008	1.14	0.0
Teleperformance Eastwood	0	3	3	0.0	0.0	0.0	0.0	0.0
Teleperformance Fairview	3	378	381	0.0008	0.0004	0.0008	0.75	0.0
Teleperformance Fairview Terraces	1	596	597	0.0012	0.0001	0.0012	2.31	0.0
Teleperformance GenSan Cloud Campus Site	0	19	19	0.0	0.0	0.0	0.0	0.0
Teleperformance Laoag Cloud Campus Site	0	1	1	0.0	0.0	0.0	0.0	0.0
Teleperformance MOA	0	594	594	0.0012	0.0	0.0012	0.0	0.0
Teleperformance McKinley	2	285	287	0.0006	0.0002	0.0006	0.88	0.0
Teleperformance Molino	0	6	6	0.0	0.0	0.0	0.0	0.0
Teleperformance Octagon	0	2	2	0.0	0.0	0.0	0.0	0.0
Teleperformance Rockwell	1	218	219	0.0004	0.0001	0.0004	1.3	0.0
Teleperformance Silver City	0	96	96	0.0002	0.0	0.0002	0.0	0.0
Teleperformance Sucat	0	5	5	0.0	0.0	0.0	0.0	0.0
Teleperformance Vertis North	0	182	182	0.0004	0.0	0.0004	0.0	0.0
True Value Mitsukoshi Mall BGC	2	466	468	0.0009	0.0002	0.001	1.37	0.0
Ubiquity BGC	27	9	36	0.0001	0.0033	0.0	-5.18	0.02
Ubiquity Bacolod Ayala	0	91	91	0.0002	0.0	0.0002	0.0	0.0
Ubiquity Bacolod CyberCentre	0	66	66	0.0001	0.0	0.0001	0.0	0.0
Ubiquity CDO	0	15	15	0.0	0.0	0.0	0.0	0.0
Ubiquity Eastwood	0	50	50	0.0001	0.0	0.0001	0.0	0.0
Ubiquity Laguna	0	16	16	0.0	0.0	0.0	0.0	0.0
VIS_Cebu IPI Run May 2025	0	18	18	0.0	0.0	0.0	0.0	0.0
VIS_Contact Islands Cebu_ May 2025	0	7	7	0.0	0.0	0.0	0.0	0.0
VIS_PACIFIC MALL MANDAUE CITY CEBU JULY 2024	6	1233	1239	0.0025	0.0007	0.0025	1.24	0.0
VIS_PROJECT CITY MALL DANAO CITY CEBU 2025	3	1232	1235	0.0025	0.0004	0.0025	1.94	0.0
VIS_PROJECT CITY SQUARE TAGBILARAN BOHOL August 2024	2	294	296	0.0006	0.0002	0.0006	0.91	0.0
VIS_PROJECT GAISANO GRAND FIESTA MALL TABUNOK OCTOBER 2024	5	342	347	0.0007	0.0006	0.0007	0.14	0.0
VIS_PROJECT GAISANO GRAND MALL LAPAZ ILOILO CITY 2024	3	2	5	0.0	0.0004	0.0	-4.49	0.0
VIS_PROJECT GAISANO MARKET ROXAS CITY 2025	0	401	401	0.0008	0.0	0.0008	0.0	0.0
VIS_PROJECT INSULAR SQUARE MANDAUE OCTOBER 2024	3	4	7	0.0	0.0004	0.0	-3.79	0.0
VIS_PROJECT ISLAND CITY MALL TAGBILARAN BOHOL SEPT 2024	2	1639	1641	0.0033	0.0002	0.0034	2.63	0.01
VIS_PROJECT MAXIM NRA Cebu City APR 2024	2	944	946	0.0019	0.0002	0.0019	2.08	0.0
VIS_PROJECT PARK MALL MANDAUE OCTOBER 2024	8	1206	1214	0.0025	0.001	0.0025	0.93	0.0
VIS_Project Colonnade Mall Cebu City Aug 2024	4	401	405	0.0008	0.0005	0.0008	0.53	0.0
VRP Medical Center	1	6	7	0.0	0.0001	0.0	-2.29	0.0
Grand Total	8184	485005	493189	1.0	1.0	1.0	0.0	1.3

first_kiosk_interaction_organisation_presence_category	Category	CONFIRMED_FRAUD	NON_FRAUD	Grand Total	Share	PercentBad	PercentGood	WoE	IV
AHMC	0	425	425	0.0009	0.0	0.0009	0.0	0.0
Accenture	3	1187	1190	0.0024	0.0004	0.0024	1.9	0.0
CSMC	1	242	243	0.0005	0.0001	0.0005	1.41	0.0
Cognizant	2	295	297	0.0006	0.0002	0.0006	0.91	0.0
Concentrix	21	4235	4256	0.0086	0.0026	0.0087	1.22	0.01
DIY & Hardware	2	466	468	0.0009	0.0002	0.001	1.37	0.0
Department Store	180	48679	48859	0.0991	0.022	0.1004	1.52	0.12
EVENTS	18	925	943	0.0019	0.0022	0.0019	-0.14	0.0
Events	92	14854	14946	0.0303	0.0112	0.0306	1.0	0.02
Foundever	9	1884	1893	0.0038	0.0011	0.0039	1.26	0.0
HOSPITAL	1	18	19	0.0	0.0001	0.0	-1.19	0.0
Head Office	0	3	3	0.0	0.0	0.0	0.0	0.0
JG Roadshow	12	220	232	0.0005	0.0015	0.0005	-1.17	0.0
MALLS	10	992	1002	0.002	0.0012	0.002	0.52	0.0
MASA	0	15	15	0.0	0.0	0.0	0.0	0.0
MAXIM	2	941	943	0.0019	0.0002	0.0019	2.07	0.0
Malls	1	642	643	0.0013	0.0001	0.0013	2.38	0.0
Maxicare	1	64	65	0.0001	0.0001	0.0001	0.08	0.0
No Kiosk Interaction	6645	153370	160015	0.3244	0.812	0.3162	-0.94	0.47
OFFICE	25	4879	4904	0.0099	0.0031	0.0101	1.19	0.01
Pharmacy	4	2247	2251	0.0046	0.0005	0.0046	2.25	0.01
Polystar	2	130	132	0.0003	0.0002	0.0003	0.09	0.0
RLC	4	902	906	0.0018	0.0005	0.0019	1.34	0.0
SM Store	28	8219	8247	0.0167	0.0034	0.0169	1.6	0.02
St. Lukes	0	204	204	0.0004	0.0	0.0004	0.0	0.0
Supermarket	1078	233510	234588	0.4757	0.1317	0.4815	1.3	0.45
Teleperformance	15	5181	5196	0.0105	0.0018	0.0107	1.76	0.02
Ubiquity	27	247	274	0.0006	0.0033	0.0005	-1.87	0.01
VRP	1	6	7	0.0	0.0001	0.0	-2.29	0.0
Wodd Coffee	0	23	23	0.0	0.0	0.0	0.0	0.0
Grand Total	8184	485005	493189	1.0	1.0	1.0	0.0	1.15

first_kiosk_interaction_organisation_name	Category	CONFIRMED_FRAUD	NON_FRAUD	Grand Total	Share	PercentBad	PercentGood	WoE	IV
ACN	1	178	179	0.0004	0.0001	0.0004	1.1	0.0
AHMC	0	65	65	0.0001	0.0	0.0001	0.0	0.0
ASIAN HOSPITAL	0	360	360	0.0007	0.0	0.0007	0.0	0.0
Accenture	2	1009	1011	0.002	0.0002	0.0021	2.14	0.0
CEBPAC	12	220	232	0.0005	0.0015	0.0005	-1.17	0.0
COG	0	26	26	0.0001	0.0	0.0001	0.0	0.0
CONCEN	1	670	671	0.0014	0.0001	0.0014	2.43	0.0
CSMC	1	242	243	0.0005	0.0001	0.0005	1.41	0.0
Cognizant	2	269	271	0.0005	0.0002	0.0006	0.82	0.0
Concentrix	20	3565	3585	0.0073	0.0024	0.0074	1.1	0.01
FE	0	276	276	0.0006	0.0	0.0006	0.0	0.0
Foundever	9	1608	1617	0.0033	0.0011	0.0033	1.1	0.0
GoTyme Bank	0	3	3	0.0	0.0	0.0	0.0	0.0
MASA	0	15	15	0.0	0.0	0.0	0.0	0.0
MIN	5	572	577	0.0012	0.0006	0.0012	0.66	0.0
Maxicare	2	97	99	0.0002	0.0002	0.0002	-0.2	0.0
NB	1	1685	1686	0.0034	0.0001	0.0035	3.35	0.01
NLUZ	22	8832	8854	0.018	0.0027	0.0182	1.91	0.03
NNCR	18	977	995	0.002	0.0022	0.002	-0.09	0.0
No Kiosk Interaction	6645	153370	160015	0.3244	0.812	0.3162	-0.94	0.47
NonEco	0	23	23	0.0	0.0	0.0	0.0	0.0
POLY	0	7	7	0.0	0.0	0.0	0.0	0.0
Polystar	2	123	125	0.0003	0.0002	0.0003	0.04	0.0
RDS	9	9202	9211	0.0187	0.0011	0.019	2.85	0.05
RE	25	10125	10150	0.0206	0.0031	0.0209	1.92	0.03
RLC	29	5688	5717	0.0116	0.0035	0.0117	1.2	0.01
RLCEXXA	0	24	24	0.0	0.0	0.0	0.0	0.0
RLCGIGA	0	24	24	0.0	0.0	0.0	0.0	0.0
RLCTERRA	0	25	25	0.0001	0.0	0.0001	0.0	0.0
RLCZETA	0	5	5	0.0	0.0	0.0	0.0	0.0
RRHI	1193	228363	229556	0.4655	0.1458	0.4708	1.17	0.38
RS	27	30105	30132	0.0611	0.0033	0.0621	2.93	0.17
SLUZ	27	194	221	0.0004	0.0033	0.0004	-2.11	0.01
SM Retail	24	4617	4641	0.0094	0.0029	0.0095	1.18	0.01
SMSTORE	4	3602	3606	0.0073	0.0005	0.0074	2.72	0.02
SNCR	13	56	69	0.0001	0.0016	0.0001	-2.62	0.0
SPA	0	25	25	0.0001	0.0	0.0001	0.0	0.0
SSD	0	490	490	0.001	0.0	0.001	0.0	0.0
STLUKES	0	50	50	0.0001	0.0	0.0001	0.0	0.0
SW	5	2283	2288	0.0046	0.0006	0.0047	2.04	0.01
St. Lukes	0	154	154	0.0003	0.0	0.0003	0.0	0.0
TMP	3	2547	2550	0.0052	0.0004	0.0053	2.66	0.01
TP	0	1061	1061	0.0022	0.0	0.0022	0.0	0.0
TV	1	77	78	0.0002	0.0001	0.0002	0.26	0.0
Teleperformance	15	4120	4135	0.0084	0.0018	0.0085	1.53	0.01
UQUITY	0	42	42	0.0001	0.0	0.0001	0.0	0.0
Ubiquity	27	205	232	0.0005	0.0033	0.0004	-2.05	0.01
VIS	38	7723	7761	0.0157	0.0046	0.0159	1.23	0.01
VRP	1	6	7	0.0	0.0001	0.0	-2.29	0.0
Grand Total	8184	485005	493189	1.0	1.0	1.0	0.0	1.26

first_kiosk_interaction_kiosk_interaction_type	Category	CONFIRMED_FRAUD	NON_FRAUD	Grand Total	Share	PercentBad	PercentGood	WoE	IV
CREATE_ACCOUNT	81	6934	7015	0.0142	0.0099	0.0143	0.37	0.0
No Kiosk Interaction	6645	153366	160011	0.3244	0.812	0.3162	-0.94	0.47
PRINT_CARD	1458	324705	326163	0.6613	0.1782	0.6695	1.32	0.65
Grand Total	8184	485005	493189	1.0	1.0	1.0	0.0	1.12

latest_kiosk_interaction_organisation_site_name	Category	CONFIRMED_FRAUD	NON_FRAUD	Grand Total	Share	PercentBad	PercentGood	WoE	IV
Accenture 40th Anniversary Fun Run	0	8	8	0.0	0.0	0.0	0.0	0.0
Accenture Cyberpark Tower 1 QC	0	105	105	0.0002	0.0	0.0002	0.0	0.0
Accenture Filinvest Axis Tower 1 Muntinlupa	0	20	20	0.0	0.0	0.0	0.0	0.0
Accenture Filinvest Cyberzone Tower 1 Cebu	1	81	82	0.0002	0.0001	0.0002	0.31	0.0
Accenture Gateway Tower 2 QC	0	76	76	0.0002	0.0	0.0002	0.0	0.0
Accenture Robinsons Cybergate 1	1	213	214	0.0004	0.0001	0.0004	1.28	0.0
Accenture Robinsons Cybergate 2	1	498	499	0.001	0.0001	0.001	2.13	0.0
Accenture Uptown Tower 2 Taguig	0	72	72	0.0001	0.0	0.0001	0.0	0.0
Accenture Valdez Center Building A Ilocos Norte	0	20	20	0.0	0.0	0.0	0.0	0.0
Accenture e-Bloc Tower 2 Cebu	0	100	100	0.0002	0.0	0.0002	0.0	0.0
Asian Hospital and Medical Center	0	429	429	0.0009	0.0	0.0009	0.0	0.0
CEB PAC G/F Crew Lounge	13	221	234	0.0005	0.0016	0.0005	-1.25	0.0
Cardinal Santos Medical Center	1	249	250	0.0005	0.0001	0.0005	1.44	0.0
Cognizant Giga Tower 24F QC	1	91	92	0.0002	0.0001	0.0002	0.43	0.0
Cognizant Science Hub 2 McKinley Hills Taguig 7F	0	42	42	0.0001	0.0	0.0001	0.0	0.0
Cognizant Science Hub 4 McKinley Hills Taguig 3F	1	82	83	0.0002	0.0001	0.0002	0.32	0.0
Cognizant Skyrise Bldg Cebu IT Park	0	77	77	0.0002	0.0	0.0002	0.0	0.0
Concentrix AIA 6F Bacolod	0	43	43	0.0001	0.0	0.0001	0.0	0.0
Concentrix Bacolod Two Sanparq	2	147	149	0.0003	0.0002	0.0003	0.22	0.0
Concentrix Baguio 1	0	42	42	0.0001	0.0	0.0001	0.0	0.0
Concentrix Baguio 2	2	57	59	0.0001	0.0002	0.0001	-0.73	0.0
Concentrix CDO	0	61	61	0.0001	0.0	0.0001	0.0	0.0
Concentrix Cebu AsiaTown TGU	0	43	43	0.0001	0.0	0.0001	0.0	0.0
Concentrix Cebu Banawa	0	49	49	0.0001	0.0	0.0001	0.0	0.0
Concentrix Cebu Exchange Tower	3	437	440	0.0009	0.0004	0.0009	0.9	0.0
Concentrix Cebu JCenter	0	47	47	0.0001	0.0	0.0001	0.0	0.0
Concentrix Cebu Mactan	0	70	70	0.0001	0.0	0.0001	0.0	0.0
Concentrix Cebu Montage	0	40	40	0.0001	0.0	0.0001	0.0	0.0
Concentrix Cebu The Link	0	60	60	0.0001	0.0	0.0001	0.0	0.0
Concentrix Central Business District Naga	0	25	25	0.0001	0.0	0.0001	0.0	0.0
Concentrix Davao Abreeza	0	89	89	0.0002	0.0	0.0002	0.0	0.0
Concentrix Davao Damosa	0	103	103	0.0002	0.0	0.0002	0.0	0.0
Concentrix Davao Finance Center	0	168	168	0.0003	0.0	0.0003	0.0	0.0
Concentrix Eastwood MDC Building 100	0	124	124	0.0003	0.0	0.0003	0.0	0.0
Concentrix Iloilo	0	47	47	0.0001	0.0	0.0001	0.0	0.0
Concentrix Laguna Nuvali	0	186	186	0.0004	0.0	0.0004	0.0	0.0
Concentrix Makati Ayala North Exchange	3	321	324	0.0007	0.0004	0.0007	0.59	0.0
Concentrix Makati City Glorietta 5	2	245	247	0.0005	0.0002	0.0005	0.73	0.0
Concentrix Makati Security Land	0	65	65	0.0001	0.0	0.0001	0.0	0.0
Concentrix Manila Sta Cruz San Lazaro	3	140	143	0.0003	0.0004	0.0003	-0.24	0.0
Concentrix Muntinlupa Alabang 1	2	372	374	0.0008	0.0002	0.0008	1.14	0.0
Concentrix Muntinlupa Alabang 2	0	135	135	0.0003	0.0	0.0003	0.0	0.0
Concentrix Muntinlupa Alabang 3	0	88	88	0.0002	0.0	0.0002	0.0	0.0
Concentrix Quezon City Eton	2	160	162	0.0003	0.0002	0.0003	0.3	0.0
Concentrix Quezon City Spark Place	0	196	196	0.0004	0.0	0.0004	0.0	0.0
Concentrix Quezon City UP Science	0	161	161	0.0003	0.0	0.0003	0.0	0.0
Concentrix Quezon City UP Science 2	0	128	128	0.0003	0.0	0.0003	0.0	0.0
Concentrix UPA Building F (Ayala Technohub)	1	238	239	0.0005	0.0001	0.0005	1.39	0.0
Concentrix UPA Building G (Ayala Technohub)	0	95	95	0.0002	0.0	0.0002	0.0	0.0
Concentrix UPA Building M (Ayala Technohub)	1	47	48	0.0001	0.0001	0.0001	-0.23	0.0
Foundever Alabang	0	108	108	0.0002	0.0	0.0002	0.0	0.0
Foundever Ayala 30th	0	68	68	0.0001	0.0	0.0001	0.0	0.0
Foundever Baguio Cyber	0	153	153	0.0003	0.0	0.0003	0.0	0.0
Foundever Baguio Laokan	1	67	68	0.0001	0.0001	0.0001	0.12	0.0
Foundever Cebu Hub	0	34	34	0.0001	0.0	0.0001	0.0	0.0
Foundever Cebu RGC	2	102	104	0.0002	0.0002	0.0002	-0.15	0.0
Foundever Cebu Synergis	1	277	278	0.0006	0.0001	0.0006	1.54	0.0
Foundever Eton Ortigas 2F	2	178	180	0.0004	0.0002	0.0004	0.41	0.0
Foundever Eton Ortigas GF Recruitment Area	2	201	203	0.0004	0.0002	0.0004	0.53	0.0
Foundever Glorietta	0	144	144	0.0003	0.0	0.0003	0.0	0.0
Foundever Julia Vargas Ortigas	0	156	156	0.0003	0.0	0.0003	0.0	0.0
Foundever Palawan	0	81	81	0.0002	0.0	0.0002	0.0	0.0
Foundever Tarlac 2	1	310	311	0.0006	0.0001	0.0006	1.65	0.0
Galleria Corporate Center	0	155	155	0.0003	0.0	0.0003	0.0	0.0
GoTyme Bank Head Office	0	3	3	0.0	0.0	0.0	0.0	0.0
MASA QC HQ Lobby	0	14	14	0.0	0.0	0.0	0.0	0.0
MIN PROJECT BUPHARCO MAR 2025	0	27	27	0.0001	0.0	0.0001	0.0	0.0
MIN PROJECT GAISANO CAPITAL PAGADIAN JAN 2025	0	7	7	0.0	0.0	0.0	0.0	0.0
MIN PROJECT GAISANO MALL TAGUM SEPT 2024	2	3	5	0.0	0.0002	0.0	-3.68	0.0
MIN_PROJECT GAISANO CITY MALL CDO OCT 2024	0	13	13	0.0	0.0	0.0	0.0	0.0
MIN_PROJECT NCCC MALL VICTORIA PLAZA DAVAO CITY NOV 2024	2	319	321	0.0007	0.0002	0.0007	0.99	0.0
MIN_PROJECT ORORAMA SUPERCENTER CDO Sep 2024	0	17	17	0.0	0.0	0.0	0.0	0.0
MIN_PROJECT SIARGAO_AVENTINO_GL	0	94	94	0.0002	0.0	0.0002	0.0	0.0
MIN_PROJECT SIARGAO_BUTANG_GL	1	62	63	0.0001	0.0001	0.0001	0.05	0.0
MIN_PROJECT SIARGAO_TOMNTOMS_GL	0	29	29	0.0001	0.0	0.0001	0.0	0.0
Maxicare_Makati Medical Center Tower 1 2F	1	79	80	0.0002	0.0001	0.0002	0.29	0.0
NB Alabang Town Center	2	407	409	0.0008	0.0002	0.0008	1.23	0.0
NB Ayala Center Cebu	1	1025	1026	0.0021	0.0001	0.0021	2.85	0.01
NB Ayala Mall Circuit	3	264	267	0.0005	0.0004	0.0005	0.4	0.0
NB Ayala Mall Feliz	0	394	394	0.0008	0.0	0.0008	0.0	0.0
NB Ayala Mall Manila Bay	7	832	839	0.0017	0.0009	0.0017	0.7	0.0
NB Festival Mall Muntinlupa	2	397	399	0.0008	0.0002	0.0008	1.21	0.0
NB Galleria South San Pedro	0	346	346	0.0007	0.0	0.0007	0.0	0.0
NB Glorietta 4 Makati	9	1600	1609	0.0033	0.0011	0.0033	1.1	0.0
NB RP Antipolo	2	460	462	0.0009	0.0002	0.0009	1.36	0.0
NB RP Ermita Manila	27	729	756	0.0015	0.0033	0.0015	-0.79	0.0
NB RP Galleria	1	328	329	0.0007	0.0001	0.0007	1.71	0.0
NB RP Imus	1	653	654	0.0013	0.0001	0.0013	2.4	0.0
NB RP Metroeast	3	1196	1199	0.0024	0.0004	0.0025	1.91	0.0
NB Shangri-la Mandaluyong	1	399	400	0.0008	0.0001	0.0008	1.91	0.0
NB UP Town Center Katipunan	1	467	468	0.0009	0.0001	0.001	2.06	0.0
NLUZ PROJECT CSI MALL DAGUPAN OCT 2024	1	4	5	0.0	0.0001	0.0	-2.7	0.0
NLUZ PROJECT MAGIC MALL ALAMINOS DEC 2024	2	141	143	0.0003	0.0002	0.0003	0.17	0.0
NLUZ PROJECT MAGIC MALL MANGALDAN SEP 2024	1	147	148	0.0003	0.0001	0.0003	0.91	0.0
NLUZ PROJECT MAGIC MALL MANGATAREM SEP 2024	1	251	252	0.0005	0.0001	0.0005	1.44	0.0
NLUZ PROJECT VICTORY CENTER MALL SAN JOSE DEL MONTE BULACAN FEBRUARY 2025	2	898	900	0.0018	0.0002	0.0019	2.03	0.0
NLUZ Project 2 Brothers Supermarket DEC 2024	0	81	81	0.0002	0.0	0.0002	0.0	0.0
NLUZ Project JTC Mall Bantay Sep 2024	0	86	86	0.0002	0.0	0.0002	0.0	0.0
NLUZ Project JTC Mall Tagudin Sep 2024	0	129	129	0.0003	0.0	0.0003	0.0	0.0
NLUZ Project Magic Mall Tayug SEP 2024	0	177	177	0.0004	0.0	0.0004	0.0	0.0
NLUZ Project Magic Mall Urdaneta SEP 2024	1	616	617	0.0013	0.0001	0.0013	2.34	0.0
NLUZ_ PFF Maldives Game March 2025	0	67	67	0.0001	0.0	0.0001	0.0	0.0
NLUZ_JTC SUPERMARKET BANGUED Abra February 2025	1	271	272	0.0006	0.0001	0.0006	1.52	0.0
NLUZ_JTC SUPERMARKET BATAC Ilocos Norte February 2025	0	449	449	0.0009	0.0	0.0009	0.0	0.0
NLUZ_JUMBO Jenra Apalit  Pampanga February 2025	3	336	339	0.0007	0.0004	0.0007	0.64	0.0
NLUZ_Jumbo Jenra Dau Mabalacat Pampanga February 2025	1	784	785	0.0016	0.0001	0.0016	2.58	0.0
NLUZ_Jumbo Jenra Dolores Pampanga February 2025	1	399	400	0.0008	0.0001	0.0008	1.91	0.0
NLUZ_Jumbo Jenra Grandmall Angeles Pampanga February 2025	3	894	897	0.0018	0.0004	0.0018	1.62	0.0
NLUZ_Jumbo Sandilan San Fernando February 2025	1	278	279	0.0006	0.0001	0.0006	1.55	0.0
NLUZ_Magic Mall Lingayen Pangasinan February 2025	1	678	679	0.0014	0.0001	0.0014	2.44	0.0
NLUZ_Magic Star Mall, Tarlac February 2025	1	629	630	0.0013	0.0001	0.0013	2.36	0.0
NLUZ_NE PACIFIC SHOPPING CENTER Cabanatuan City Nueva Ecija February 2025	0	761	761	0.0015	0.0	0.0016	0.0	0.0
NLUZ_Panda Legends_March 2025	0	24	24	0.0	0.0	0.0	0.0	0.0
NLUZ_Unitop Baliwag Bulacan February 2025	1	729	730	0.0015	0.0001	0.0015	2.51	0.0
NNCR_Bridgetowne Pride Night Event May 2025	0	2	2	0.0	0.0	0.0	0.0	0.0
NNCR_Ever Gotesco Commonwealth Oct 2024	0	2	2	0.0	0.0	0.0	0.0	0.0
NNCR_FHMoms Ultra Mom Fest Event May 2025	0	50	50	0.0001	0.0	0.0001	0.0	0.0
NNCR_Fishermall Malabon Sept 2024	6	328	334	0.0007	0.0007	0.0007	-0.08	0.0
NNCR_Fishermall Quezon Ave Oct 2024	4	183	187	0.0004	0.0005	0.0004	-0.26	0.0
NNCR_Gaisano Binangonan Oct 2024	0	26	26	0.0001	0.0	0.0001	0.0	0.0
NNCR_Primark Kasiglahan Oct 2024	2	9	11	0.0	0.0002	0.0	-2.58	0.0
NNCR_Riverbanks Oct 2024	2	241	243	0.0005	0.0002	0.0005	0.71	0.0
NNCR_Tanay Town Center Dec 2024	1	45	46	0.0001	0.0001	0.0001	-0.28	0.0
NNCR_Uno West Insula Sept 2024	0	4	4	0.0	0.0	0.0	0.0	0.0
NNCR_Victory Liner Feb 2025	1	3	4	0.0	0.0001	0.0	-2.98	0.0
NNCR_Wilcon Home Essential_Dec 2024	0	2	2	0.0	0.0	0.0	0.0	0.0
NNCR_XENTROMALL MONTALBAN_DEC 2024	1	76	77	0.0002	0.0001	0.0002	0.25	0.0
NNCR_XRC Square Oct 2024	1	3	4	0.0	0.0001	0.0	-2.98	0.0
No Kiosk Interaction	6645	153370	160015	0.3244	0.812	0.3162	-0.94	0.47
POPS District Building Wodd Coffee Shop Siargao	0	23	23	0.0	0.0	0.0	0.0	0.0
Polystar Office Moonwalk	2	130	132	0.0003	0.0002	0.0003	0.09	0.0
RDS ABREEZA MALL DAVAO	5	1934	1939	0.0039	0.0006	0.004	1.88	0.01
RDS AYALA CAGAYAN DE ORO	1	647	648	0.0013	0.0001	0.0013	2.39	0.0
RDS CITI SQUARE MALABON	1	628	629	0.0013	0.0001	0.0013	2.36	0.0
RDS FESTIVAL MALL ALABANG	3	1336	1339	0.0027	0.0004	0.0028	2.02	0.0
RDS GALLERIA SOUTH	1	687	688	0.0014	0.0001	0.0014	2.45	0.0
RDS GEN TRIAS	3	1360	1363	0.0028	0.0004	0.0028	2.03	0.0
RDS LIMKETKEI CAGAYAN DE ORO	1	976	977	0.002	0.0001	0.002	2.8	0.01
RDS MALL OF AL NOR COTABATO	5	773	778	0.0016	0.0006	0.0016	0.96	0.0
RDS NEPOMALL ANGELES	3	1642	1645	0.0033	0.0004	0.0034	2.22	0.01
RDS NEPOMALL DAGUPAN	0	526	526	0.0011	0.0	0.0011	0.0	0.0
RDS RP ANGELES	0	261	261	0.0005	0.0	0.0005	0.0	0.0
RDS RP ANTIQUE	0	451	451	0.0009	0.0	0.0009	0.0	0.0
RDS RP Antipolo	8	1363	1371	0.0028	0.001	0.0028	1.06	0.0
RDS RP BACOLOD	5	881	886	0.0018	0.0006	0.0018	1.09	0.0
RDS RP Butuan	4	806	810	0.0016	0.0005	0.0017	1.22	0.0
RDS RP CABANATUAN	2	832	834	0.0017	0.0002	0.0017	1.95	0.0
RDS RP Cebu	50	1457	1507	0.0031	0.0061	0.003	-0.71	0.0
RDS RP DUMAGUETE	2	855	857	0.0017	0.0002	0.0018	1.98	0.0
RDS RP Ermita	8	923	931	0.0019	0.001	0.0019	0.67	0.0
RDS RP GEN SAN	3	1043	1046	0.0021	0.0004	0.0022	1.77	0.0
RDS RP Galleria	1	557	558	0.0011	0.0001	0.0011	2.24	0.0
RDS RP Gapan	1	935	936	0.0019	0.0001	0.0019	2.76	0.0
RDS RP ILIGAN	4	1074	1078	0.0022	0.0005	0.0022	1.51	0.0
RDS RP ILOCOS NORTE	4	1371	1375	0.0028	0.0005	0.0028	1.76	0.0
RDS RP ILOILO	2	1232	1234	0.0025	0.0002	0.0025	2.34	0.01
RDS RP IMUS	2	874	876	0.0018	0.0002	0.0018	2.0	0.0
RDS RP JARO	2	603	605	0.0012	0.0002	0.0012	1.63	0.0
RDS RP LAS PINAS	5	1188	1193	0.0024	0.0006	0.0024	1.39	0.0
RDS RP La Union	2	1801	1803	0.0037	0.0002	0.0037	2.72	0.01
RDS RP Lipa	6	603	609	0.0012	0.0007	0.0012	0.53	0.0
RDS RP MAGNOLIA	1	274	275	0.0006	0.0001	0.0006	1.53	0.0
RDS RP METROEAST	5	1174	1179	0.0024	0.0006	0.0024	1.38	0.0
RDS RP Malolos	6	1802	1808	0.0037	0.0007	0.0037	1.62	0.0
RDS RP NAGA	1	786	787	0.0016	0.0001	0.0016	2.58	0.0
RDS RP NORTH TACLOBAN	2	618	620	0.0013	0.0002	0.0013	1.65	0.0
RDS RP ORMOC	3	678	681	0.0014	0.0004	0.0014	1.34	0.0
RDS RP PALAWAN	3	1063	1066	0.0022	0.0004	0.0022	1.79	0.0
RDS RP PAMPANGA	4	1464	1468	0.003	0.0005	0.003	1.82	0.0
RDS RP PANGASINAN	6	1294	1300	0.0026	0.0007	0.0027	1.29	0.0
RDS RP PAVIA	0	448	448	0.0009	0.0	0.0009	0.0	0.0
RDS RP ROXAS	1	1502	1503	0.003	0.0001	0.0031	3.23	0.01
RDS RP SANTIAGO	2	1730	1732	0.0035	0.0002	0.0036	2.68	0.01
RDS RP TACLOBAN	3	1356	1359	0.0028	0.0004	0.0028	2.03	0.0
RDS RP TAGUM	3	1085	1088	0.0022	0.0004	0.0022	1.81	0.0
RDS RP TUGUEGARAO	2	1442	1444	0.0029	0.0002	0.003	2.5	0.01
RDS RP VALENCIA	0	875	875	0.0018	0.0	0.0018	0.0	0.0
RDS Robinsons Galleria Cebu	3	652	655	0.0013	0.0004	0.0013	1.3	0.0
RDS TOWN CENTER CALAPAN	1	648	649	0.0013	0.0001	0.0013	2.39	0.0
RE 100 WEST MAKATI	0	258	258	0.0005	0.0	0.0005	0.0	0.0
RE Alaminos Laguna	1	418	419	0.0008	0.0001	0.0009	1.95	0.0
RE Alima Bay Bacoor	0	2	2	0.0	0.0	0.0	0.0	0.0
RE Amaia Pasig	2	241	243	0.0005	0.0002	0.0005	0.71	0.0
RE Apalit Pampanga	3	306	309	0.0006	0.0004	0.0006	0.54	0.0
RE Arnaiz Pasay	1	399	400	0.0008	0.0001	0.0008	1.91	0.0
RE Aurora Escalades	2	212	214	0.0004	0.0002	0.0004	0.58	0.0
RE BF Resort Village Las Pinas	0	203	203	0.0004	0.0	0.0004	0.0	0.0
RE Babo Sacan Porac Pampanga	0	137	137	0.0003	0.0	0.0003	0.0	0.0
RE Bagong Kalsada Laguna	1	326	327	0.0007	0.0001	0.0007	1.7	0.0
RE Balisong Taal Batangas	1	194	195	0.0004	0.0001	0.0004	1.19	0.0
RE Bangad Cabanatuan	1	305	306	0.0006	0.0001	0.0006	1.64	0.0
RE Baras Rizal	1	297	298	0.0006	0.0001	0.0006	1.61	0.0
RE Basak Lapu-lapu Cebu	3	220	223	0.0005	0.0004	0.0005	0.21	0.0
RE Bauan Batangas	12	481	493	0.001	0.0015	0.001	-0.39	0.0
RE Better Living Paranaque	10	371	381	0.0008	0.0012	0.0008	-0.47	0.0
RE Binangonan Rizal	0	394	394	0.0008	0.0	0.0008	0.0	0.0
RE Birmingham Meadows	1	254	255	0.0005	0.0001	0.0005	1.46	0.0
RE Buhay na Tubig Imus	1	431	432	0.0009	0.0001	0.0009	1.98	0.0
RE Burgos Cavite City	4	298	302	0.0006	0.0005	0.0006	0.23	0.0
RE C&B Circle Mall Marikina	8	330	338	0.0007	0.001	0.0007	-0.36	0.0
RE C. RAYMUNDO PASIG	1	274	275	0.0006	0.0001	0.0006	1.53	0.0
RE CALACA	1	391	392	0.0008	0.0001	0.0008	1.89	0.0
RE CALUMPIT	1	158	159	0.0003	0.0001	0.0003	0.98	0.0
RE CULIAT TOWN CENTER	1	366	367	0.0007	0.0001	0.0008	1.82	0.0
RE Cabahug Cebu	3	221	224	0.0005	0.0004	0.0005	0.22	0.0
RE Cabuyao Bayan Laguna	0	360	360	0.0007	0.0	0.0007	0.0	0.0
RE Cacutud	0	229	229	0.0005	0.0	0.0005	0.0	0.0
RE Calamba	0	442	442	0.0009	0.0	0.0009	0.0	0.0
RE Capitol Blvd Pampanga	0	122	122	0.0002	0.0	0.0003	0.0	0.0
RE Casa Anselmo Malolos	0	81	81	0.0002	0.0	0.0002	0.0	0.0
RE Castillejos Zambales	0	589	589	0.0012	0.0	0.0012	0.0	0.0
RE City Center Tarlac	2	205	207	0.0004	0.0002	0.0004	0.55	0.0
RE Cityland Santolan Pasig	2	218	220	0.0004	0.0002	0.0004	0.61	0.0
RE Concepcion Tarlac	1	291	292	0.0006	0.0001	0.0006	1.59	0.0
RE Crown B Bldg Sto Tomas	1	81	82	0.0002	0.0001	0.0002	0.31	0.0
RE Cutcut Angeles Pampanga	0	138	138	0.0003	0.0	0.0003	0.0	0.0
RE Dahlia Avenue Quezon City	0	194	194	0.0004	0.0	0.0004	0.0	0.0
RE E. Rodriguez Sr. QC	1	623	624	0.0013	0.0001	0.0013	2.35	0.0
RE FIL AM FRIENDSHIP Angeles	5	226	231	0.0005	0.0006	0.0005	-0.27	0.0
RE Fairview Center Mall	0	567	567	0.0011	0.0	0.0012	0.0	0.0
RE Farmers Araneta Cubao	3	700	703	0.0014	0.0004	0.0014	1.37	0.0
RE Filinvest Batasan Hills	2	244	246	0.0005	0.0002	0.0005	0.72	0.0
RE Fortune King Naic Cavite	5	253	258	0.0005	0.0006	0.0005	-0.16	0.0
RE Friendship Angeles	2	536	538	0.0011	0.0002	0.0011	1.51	0.0
RE General Avenue QC	1	570	571	0.0012	0.0001	0.0012	2.26	0.0
RE Gil Carlos Baliwag	2	433	435	0.0009	0.0002	0.0009	1.3	0.0
RE Gloria Diaz Las Pinas	2	170	172	0.0003	0.0002	0.0004	0.36	0.0
RE Grand Villas Resort Pateros	2	339	341	0.0007	0.0002	0.0007	1.05	0.0
RE Green Gate Malagasang Imus	5	153	158	0.0003	0.0006	0.0003	-0.66	0.0
RE Guimba Nueva Ecija	1	568	569	0.0012	0.0001	0.0012	2.26	0.0
RE Gun-ob Looc Cebu	3	385	388	0.0008	0.0004	0.0008	0.77	0.0
RE HERMANOS SAN PABLO	3	555	558	0.0011	0.0004	0.0011	1.14	0.0
RE HPL Guiguinto Bulacan	1	0	1	0.0	0.0001	0.0	0.0	-0.0
RE Hagonoy Bulacan	1	123	124	0.0003	0.0001	0.0003	0.73	0.0
RE Harmony Village Laguna	0	229	229	0.0005	0.0	0.0005	0.0	0.0
RE Hilario San Pablo Laguna	2	378	380	0.0008	0.0002	0.0008	1.16	0.0
RE Hillside Plaza Sumulong	0	390	390	0.0008	0.0	0.0008	0.0	0.0
RE Holiday Island Bagong Silang	13	447	460	0.0009	0.0016	0.0009	-0.54	0.0
RE JP Rizal Pililla	0	214	214	0.0004	0.0	0.0004	0.0	0.0
RE Jocevil Centre Tumana	3	377	380	0.0008	0.0004	0.0008	0.75	0.0
RE Kambal Road San Mateo Rizal	1	493	494	0.001	0.0001	0.001	2.12	0.0
RE Kapitan Pepe Cabanatuan	0	98	98	0.0002	0.0	0.0002	0.0	0.0
RE LAGO DE ORO CALATAGAN BATANGAS	1	184	185	0.0004	0.0001	0.0004	1.13	0.0
RE Lagro Quirino Hi-Way	0	227	227	0.0005	0.0	0.0005	0.0	0.0
RE Lancaster Square Imus	1	256	257	0.0005	0.0001	0.0005	1.46	0.0
RE Liberty Building Boni	3	491	494	0.001	0.0004	0.001	1.02	0.0
RE Ligtasan Tarlac	0	149	149	0.0003	0.0	0.0003	0.0	0.0
RE M Naval Navotas	1	169	170	0.0003	0.0001	0.0003	1.05	0.0
RE Mactan Newtown Center	1	319	320	0.0006	0.0001	0.0007	1.68	0.0
RE Maginhawa Teachers Village	3	609	612	0.0012	0.0004	0.0013	1.23	0.0
RE Maguyam Road Silang Cavite	0	181	181	0.0004	0.0	0.0004	0.0	0.0
RE Malitlit	0	186	186	0.0004	0.0	0.0004	0.0	0.0
RE Manhattan Heights Cubao	1	276	277	0.0006	0.0001	0.0006	1.54	0.0
RE Mapandan Pangasinan	0	365	365	0.0007	0.0	0.0008	0.0	0.0
RE Mariposa Arcade Kapasigan	1	544	545	0.0011	0.0001	0.0011	2.22	0.0
RE Market Ave Pasig	2	521	523	0.0011	0.0002	0.0011	1.48	0.0
RE Market City Mall Tarlac	3	846	849	0.0017	0.0004	0.0017	1.56	0.0
RE Maypajo Caloocan	7	39	46	0.0001	0.0009	0.0001	-2.36	0.0
RE Megasaver Magalang	1	354	355	0.0007	0.0001	0.0007	1.79	0.0
RE Metro Point Mall Taft	7	2428	2435	0.0049	0.0009	0.005	1.77	0.01
RE Metroplaza Bagong Silang	7	410	417	0.0008	0.0009	0.0008	-0.01	0.0
RE N Domingo San Juan	0	219	219	0.0004	0.0	0.0005	0.0	0.0
RE Naga Road Las Pinas	0	313	313	0.0006	0.0	0.0006	0.0	0.0
RE Noah Building Aguirre	3	257	260	0.0005	0.0004	0.0005	0.37	0.0
RE Old Sauyo Quezon City	2	178	180	0.0004	0.0002	0.0004	0.41	0.0
RE One Mercedes Plaza Pasig	2	1234	1236	0.0025	0.0002	0.0025	2.34	0.01
RE Orani Bataan	1	229	230	0.0005	0.0001	0.0005	1.35	0.0
RE P Tuazon Benitez QC	0	543	543	0.0011	0.0	0.0011	0.0	0.0
RE PAJAC LAPU LAPU CEBU	0	161	161	0.0003	0.0	0.0003	0.0	0.0
RE PANDAN TABUN ANGELES	1	372	373	0.0008	0.0001	0.0008	1.84	0.0
RE PARIAN CALAMBA LAGUNA	6	1267	1273	0.0026	0.0007	0.0026	1.27	0.0
RE PITX	12	3129	3141	0.0064	0.0015	0.0065	1.48	0.01
RE POBLACION EAST MUNOZ NE	1	550	551	0.0011	0.0001	0.0011	2.23	0.0
RE Pembo Makati	1	430	431	0.0009	0.0001	0.0009	1.98	0.0
RE Platinum Plaza Pardo Cebu	0	258	258	0.0005	0.0	0.0005	0.0	0.0
RE Project 4 Quezon City	4	517	521	0.0011	0.0005	0.0011	0.78	0.0
RE QUEZON AVENUE	0	415	415	0.0008	0.0	0.0009	0.0	0.0
RE Rizal Nueva Ecija	2	629	631	0.0013	0.0002	0.0013	1.67	0.0
RE Robinsons Homes Antipolo	2	276	278	0.0006	0.0002	0.0006	0.85	0.0
RE Roblou Market Place Cainta	4	291	295	0.0006	0.0005	0.0006	0.21	0.0
RE Rodlea Bldg Bamban Tarlac	0	202	202	0.0004	0.0	0.0004	0.0	0.0
RE SAN FRANCISCO LAGUNA	0	299	299	0.0006	0.0	0.0006	0.0	0.0
RE SINILOAN LAGUNA	5	339	344	0.0007	0.0006	0.0007	0.13	0.0
RE SKYLINE DRIVE SJDM BULACAN	35	560	595	0.0012	0.0043	0.0012	-1.31	0.0
RE SUCLAYIN BALER AURORA	0	129	129	0.0003	0.0	0.0003	0.0	0.0
RE Sacred Heart Caloocan	0	242	242	0.0005	0.0	0.0005	0.0	0.0
RE San Agustin Tanza Cavite	0	208	208	0.0004	0.0	0.0004	0.0	0.0
RE San Isidro Candon City	1	484	485	0.001	0.0001	0.001	2.1	0.0
RE San Jose Del Monte Bulacan	2	251	253	0.0005	0.0002	0.0005	0.75	0.0
RE San Lorenzo Place Makati	2	614	616	0.0012	0.0002	0.0013	1.64	0.0
RE San Lucas Laguna	0	3	3	0.0	0.0	0.0	0.0	0.0
RE San Mateo	1	603	604	0.0012	0.0001	0.0012	2.32	0.0
RE San Miguel	3	164	167	0.0003	0.0004	0.0003	-0.08	0.0
RE San Sebastian Tarlac	0	141	141	0.0003	0.0	0.0003	0.0	0.0
RE San Vicente Tarlac	0	155	155	0.0003	0.0	0.0003	0.0	0.0
RE Sandoval Avenue Pasig	2	401	403	0.0008	0.0002	0.0008	1.22	0.0
RE Shop N Ride Novaliches	1	366	367	0.0007	0.0001	0.0008	1.82	0.0
RE Solana Plaza Bacolor	5	320	325	0.0007	0.0006	0.0007	0.08	0.0
RE Soldiers Muntinlupa	0	3	3	0.0	0.0	0.0	0.0	0.0
RE Stamford McKinley Hill	0	352	352	0.0007	0.0	0.0007	0.0	0.0
RE Starhomes Tarlac	0	99	99	0.0002	0.0	0.0002	0.0	0.0
RE Sto. Domingo Binan Laguna	0	255	255	0.0005	0.0	0.0005	0.0	0.0
RE Sunbest Building Lagro	2	126	128	0.0003	0.0002	0.0003	0.06	0.0
RE Susano Complex Novaliches	2	435	437	0.0009	0.0002	0.0009	1.3	0.0
RE The Emerald Court Project 6	0	282	282	0.0006	0.0	0.0006	0.0	0.0
RE The Link	1	453	454	0.0009	0.0001	0.0009	2.03	0.0
RE The O Place Kamuning	1	350	351	0.0007	0.0001	0.0007	1.78	0.0
RE UP Dilimall	0	482	482	0.001	0.0	0.001	0.0	0.0
RE Valenzuela Town Center	2	1082	1084	0.0022	0.0002	0.0022	2.21	0.0
RE Vibo Place Cebu	2	243	245	0.0005	0.0002	0.0005	0.72	0.0
RE Victory Station Olongapo	7	900	907	0.0018	0.0009	0.0019	0.77	0.0
RLC ALPHA Tower	2	557	559	0.0011	0.0002	0.0011	1.55	0.0
RLC BETA Tower	2	645	647	0.0013	0.0002	0.0013	1.69	0.0
RLC Exxa Tower	1	235	236	0.0005	0.0001	0.0005	1.38	0.0
RLC GAMMA Tower	4	645	649	0.0013	0.0005	0.0013	1.0	0.0
RLC Giga Tower	3	311	314	0.0006	0.0004	0.0006	0.56	0.0
RLC Omega Tower	7	969	976	0.002	0.0009	0.002	0.85	0.0
RLC Sigma Tower	1	439	440	0.0009	0.0001	0.0009	2.0	0.0
RLC Terra Tower	0	263	263	0.0005	0.0	0.0005	0.0	0.0
RLC Zeta Tower	0	96	96	0.0002	0.0	0.0002	0.0	0.0
RS Acacia Escalades Pasig	7	227	234	0.0005	0.0009	0.0005	-0.6	0.0
RS Al Nor Mall Cotabato	9	1122	1131	0.0023	0.0011	0.0023	0.74	0.0
RS Albay 738 Legazpi	2	917	919	0.0019	0.0002	0.0019	2.05	0.0
RS Alicia Isabela	0	152	152	0.0003	0.0	0.0003	0.0	0.0
RS B Hive Mall Valenzuela	3	711	714	0.0014	0.0004	0.0015	1.39	0.0
RS BORACAY	2	344	346	0.0007	0.0002	0.0007	1.07	0.0
RS Bacolod Triangle	1	874	875	0.0018	0.0001	0.0018	2.69	0.0
RS Balagtas Towncenter	2	713	715	0.0014	0.0002	0.0015	1.79	0.0
RS Banilad Cebu	0	366	366	0.0007	0.0	0.0008	0.0	0.0
RS Baseline Center Cebu	1	316	317	0.0006	0.0001	0.0007	1.67	0.0
RS Belmont One Minglanilla	5	399	404	0.0008	0.0006	0.0008	0.3	0.0
RS Berkeley Commonwealth	1	728	729	0.0015	0.0001	0.0015	2.51	0.0
RS Bluewave Marikina	11	790	801	0.0016	0.0013	0.0016	0.19	0.0
RS C3 Mall Pagadian	2	640	642	0.0013	0.0002	0.0013	1.69	0.0
RS CASA MIRA GUADALUPE	0	641	641	0.0013	0.0	0.0013	0.0	0.0
RS Calapan Towncenter Mall	3	1490	1493	0.003	0.0004	0.0031	2.13	0.01
RS California Mandaluyong	6	1247	1253	0.0025	0.0007	0.0026	1.25	0.0
RS Centro Mall Cabuyao	4	1152	1156	0.0023	0.0005	0.0024	1.58	0.0
RS Choice Market Pasig	4	2158	2162	0.0044	0.0005	0.0044	2.21	0.01
RS Circle C Congressional	9	516	525	0.0011	0.0011	0.0011	-0.03	0.0
RS Citi Square Malabon	4	1202	1206	0.0024	0.0005	0.0025	1.62	0.0
RS Citymall Roxas	2	206	208	0.0004	0.0002	0.0004	0.55	0.0
RS Cloverleaf Mall Balintawak	5	1507	1512	0.0031	0.0006	0.0031	1.63	0.0
RS Cybergate Davao	0	744	744	0.0015	0.0	0.0015	0.0	0.0
RS Dolores San Fernando	0	177	177	0.0004	0.0	0.0004	0.0	0.0
RS Dona Carmen Fairview	4	800	804	0.0016	0.0005	0.0016	1.22	0.0
RS Eastwood Technoplaza II	2	1019	1021	0.0021	0.0002	0.0021	2.15	0.0
RS Emall Naga	1	391	392	0.0008	0.0001	0.0008	1.89	0.0
RS Federal Bay Garden Pasay	4	265	269	0.0005	0.0005	0.0005	0.11	0.0
RS GCC Mexico Pampanga	0	236	236	0.0005	0.0	0.0005	0.0	0.0
RS GT Park Place Molo	2	510	512	0.001	0.0002	0.0011	1.46	0.0
RS Gateway Cubao	4	1621	1625	0.0033	0.0005	0.0033	1.92	0.01
RS Geege Mall Ozamiz	0	403	403	0.0008	0.0	0.0008	0.0	0.0
RS Graceland Malolos	1	346	347	0.0007	0.0001	0.0007	1.76	0.0
RS Guagua Towncenter	1	1256	1257	0.0025	0.0001	0.0026	3.05	0.01
RS Gusa Cagayan de Oro	2	143	145	0.0003	0.0002	0.0003	0.19	0.0
RS Happy Go Mall Valenzuela	8	746	754	0.0015	0.001	0.0015	0.45	0.0
RS Hermosa Bataan	0	517	517	0.001	0.0	0.0011	0.0	0.0
RS Iba Town Center Zambales	3	451	454	0.0009	0.0004	0.0009	0.93	0.0
RS Island Central Mactan	7	1264	1271	0.0026	0.0009	0.0026	1.11	0.0
RS KAI MALL ZABARTE CALOOCAN	6	1797	1803	0.0037	0.0007	0.0037	1.62	0.0
RS Karangalan Pasig	2	536	538	0.0011	0.0002	0.0011	1.51	0.0
RS Kinghome Bucandala Imus	2	411	413	0.0008	0.0002	0.0008	1.24	0.0
RS Lavina Park Valencia	0	299	299	0.0006	0.0	0.0006	0.0	0.0
RS Lima Exchange Batangas	2	461	463	0.0009	0.0002	0.001	1.36	0.0
RS Limketkai Mall CDO	6	821	827	0.0017	0.0007	0.0017	0.84	0.0
RS Lipa Town Center	2	315	317	0.0006	0.0002	0.0006	0.98	0.0
RS Madison Galeries Muntinlupa	2	135	137	0.0003	0.0002	0.0003	0.13	0.0
RS Main Square Molino	10	570	580	0.0012	0.0012	0.0012	-0.04	0.0
RS Mercedes Pasig	2	616	618	0.0013	0.0002	0.0013	1.65	0.0
RS Metro Central Mall Sta Cruz	4	1041	1045	0.0021	0.0005	0.0021	1.48	0.0
RS Metroplaza Quirino Caloocan	2	946	948	0.0019	0.0002	0.002	2.08	0.0
RS Metrotown Tarlac	4	845	849	0.0017	0.0005	0.0017	1.27	0.0
RS Montalban Towncenter	12	2847	2859	0.0058	0.0015	0.0059	1.39	0.01
RS Nepomall Angeles	5	830	835	0.0017	0.0006	0.0017	1.03	0.0
RS Nepomall Dagupan	1	566	567	0.0011	0.0001	0.0012	2.26	0.0
RS One Ayala Makati	1	569	570	0.0012	0.0001	0.0012	2.26	0.0
RS Open Market Mansilingan	1	845	846	0.0017	0.0001	0.0017	2.66	0.0
RS Ormoc Centrum	1	632	633	0.0013	0.0001	0.0013	2.37	0.0
RS Oroquieta Misamis Occ	0	221	221	0.0004	0.0	0.0005	0.0	0.0
RS Porta Vaga Mall Baguio	3	2729	2732	0.0055	0.0004	0.0056	2.73	0.01
RS Premier Plaza Silang	1	759	760	0.0015	0.0001	0.0016	2.55	0.0
RS Pueblo Verde Mactan	4	1397	1401	0.0028	0.0005	0.0029	1.77	0.0
RS RMR Square Tandang Sora	3	806	809	0.0016	0.0004	0.0017	1.51	0.0
RS RP Abucay Tacloban	8	1924	1932	0.0039	0.001	0.004	1.4	0.0
RS RP Angeles	8	659	667	0.0014	0.001	0.0014	0.33	0.0
RS RP Antipolo	7	1906	1913	0.0039	0.0009	0.0039	1.52	0.0
RS RP Antique	0	1630	1630	0.0033	0.0	0.0034	0.0	0.0
RS RP Bacolod	6	1650	1656	0.0034	0.0007	0.0034	1.53	0.0
RS RP Butuan	6	901	907	0.0018	0.0007	0.0019	0.93	0.0
RS RP Cagayan De Oro	1	147	148	0.0003	0.0001	0.0003	0.91	0.0
RS RP Cainta	7	886	893	0.0018	0.0009	0.0018	0.76	0.0
RS RP Cebu	5	1600	1605	0.0033	0.0006	0.0033	1.69	0.0
RS RP DUMAGUETE	3	1624	1627	0.0033	0.0004	0.0033	2.21	0.01
RS RP Dasmarinas	14	2854	2868	0.0058	0.0017	0.0059	1.24	0.01
RS RP Ermita	14	3071	3085	0.0063	0.0017	0.0063	1.31	0.01
RS RP Galleria South San Pedro	6	1798	1804	0.0037	0.0007	0.0037	1.62	0.0
RS RP General Santos	3	1734	1737	0.0035	0.0004	0.0036	2.28	0.01
RS RP General Trias	8	2025	2033	0.0041	0.001	0.0042	1.45	0.0
RS RP Iligan	8	1535	1543	0.0031	0.001	0.0032	1.17	0.0
RS RP Ilocos Norte	2	979	981	0.002	0.0002	0.002	2.11	0.0
RS RP Iloilo	3	2493	2496	0.0051	0.0004	0.0051	2.64	0.01
RS RP Imus	11	1485	1496	0.003	0.0013	0.0031	0.82	0.0
RS RP Jaro Iloilo	7	1604	1611	0.0033	0.0009	0.0033	1.35	0.0
RS RP La Union	6	1940	1946	0.0039	0.0007	0.004	1.7	0.01
RS RP Las Pinas	9	1431	1440	0.0029	0.0011	0.003	0.99	0.0
RS RP Lipa	5	1774	1779	0.0036	0.0006	0.0037	1.79	0.01
RS RP Los Banos	0	687	687	0.0014	0.0	0.0014	0.0	0.0
RS RP Magnolia	15	1526	1541	0.0031	0.0018	0.0031	0.54	0.0
RS RP Malolos	5	1648	1653	0.0034	0.0006	0.0034	1.72	0.0
RS RP Metroeast	11	1530	1541	0.0031	0.0013	0.0032	0.85	0.0
RS RP Naga	5	1277	1282	0.0026	0.0006	0.0026	1.46	0.0
RS RP Novaliches	14	1995	2009	0.0041	0.0017	0.0041	0.88	0.0
RS RP Ormoc	2	1805	1807	0.0037	0.0002	0.0037	2.72	0.01
RS RP Otis	8	486	494	0.001	0.001	0.001	0.02	0.0
RS RP Pagadian	3	477	480	0.001	0.0004	0.001	0.99	0.0
RS RP Palawan	6	2872	2878	0.0058	0.0007	0.0059	2.09	0.01
RS RP Pangasinan	7	1312	1319	0.0027	0.0009	0.0027	1.15	0.0
RS RP Pavia Iloilo	4	1397	1401	0.0028	0.0005	0.0029	1.77	0.0
RS RP Roxas	4	742	746	0.0015	0.0005	0.0015	1.14	0.0
RS RP Santiago	0	913	913	0.0019	0.0	0.0019	0.0	0.0
RS RP Sta Rosa	3	1275	1278	0.0026	0.0004	0.0026	1.97	0.0
RS RP Tacloban	5	2822	2827	0.0057	0.0006	0.0058	2.25	0.01
RS RP Tagum	4	784	788	0.0016	0.0005	0.0016	1.2	0.0
RS RP Tarlac	4	570	574	0.0012	0.0005	0.0012	0.88	0.0
RS RP Tuguegarao	2	2222	2224	0.0045	0.0002	0.0046	2.93	0.01
RS RP Valencia	3	1162	1165	0.0024	0.0004	0.0024	1.88	0.0
RS Rioking Don Antonio	0	708	708	0.0014	0.0	0.0015	0.0	0.0
RS Robinsons Galleria QC	18	2506	2524	0.0051	0.0022	0.0052	0.85	0.0
RS San Carlos TC Pangasinan	2	919	921	0.0019	0.0002	0.0019	2.05	0.0
RS San Jose Occidental Mindoro	2	977	979	0.002	0.0002	0.002	2.11	0.0
RS San Miguel Bulacan	4	206	210	0.0004	0.0005	0.0004	-0.14	0.0
RS Sorin Mall Polomolok	2	573	575	0.0012	0.0002	0.0012	1.58	0.0
RS South Town Center Tabunok	3	989	992	0.002	0.0004	0.002	1.72	0.0
RS Southpark Mall Alabang	3	351	354	0.0007	0.0004	0.0007	0.68	0.0
RS Southwoods Mall Laguna	6	1001	1007	0.002	0.0007	0.0021	1.04	0.0
RS Starmills Pampanga	3	1890	1893	0.0038	0.0004	0.0039	2.36	0.01
RS Summit Ridge Tagaytay	5	1110	1115	0.0023	0.0006	0.0023	1.32	0.0
RS TOWNVILLE GAPAN NUEVA ECIJA	4	949	953	0.0019	0.0005	0.002	1.39	0.0
RS Talavera Square Ilagan	0	892	892	0.0018	0.0	0.0018	0.0	0.0
RS Talisay Cebu	2	580	582	0.0012	0.0002	0.0012	1.59	0.0
RS Targetmall Sta Rosa	1	1231	1232	0.0025	0.0001	0.0025	3.03	0.01
RS Town Mall Malabon	8	1624	1632	0.0033	0.001	0.0033	1.23	0.0
RS Townville Abreeza Davao	6	2750	2756	0.0056	0.0007	0.0057	2.05	0.01
RS Townville Arvo Dasmarinas	0	575	575	0.0012	0.0	0.0012	0.0	0.0
RS Townville BF Paranaque	3	378	381	0.0008	0.0004	0.0008	0.75	0.0
RS Townville Buhay na Tubig	27	329	356	0.0007	0.0033	0.0007	-1.58	0.0
RS Townville Cabanatuan	6	2128	2134	0.0043	0.0007	0.0044	1.79	0.01
RS Townville Meycauayan	3	552	555	0.0011	0.0004	0.0011	1.13	0.0
RS Townville Nuvali Sta Rosa	2	412	414	0.0008	0.0002	0.0008	1.25	0.0
RS Townville Pulilan	2	725	727	0.0015	0.0002	0.0015	1.81	0.0
RS Townville Regalado Fairview	2	534	536	0.0011	0.0002	0.0011	1.51	0.0
RS Tutuban Centermall	7	1053	1060	0.0021	0.0009	0.0022	0.93	0.0
RS Twin Lakes Village Batangas	1	352	353	0.0007	0.0001	0.0007	1.78	0.0
RS Victoria Tower Timog	5	609	614	0.0012	0.0006	0.0013	0.72	0.0
RS Victory Mall Caloocan	4	1378	1382	0.0028	0.0005	0.0028	1.76	0.0
RS Villamonte Bacolod	3	744	747	0.0015	0.0004	0.0015	1.43	0.0
RS Woodsville Merville	5	1148	1153	0.0023	0.0006	0.0024	1.35	0.0
RS Xentro Mall Lemery Batangas	4	1097	1101	0.0022	0.0005	0.0023	1.53	0.0
RS Xentro Mall Vigan	2	755	757	0.0015	0.0002	0.0016	1.85	0.0
RS Xevera Mabalacat	0	331	331	0.0007	0.0	0.0007	0.0	0.0
RS Z Square Banawe	1	506	507	0.001	0.0001	0.001	2.14	0.0
RSC PERDICES DUMAGUETE	1	461	462	0.0009	0.0001	0.001	2.05	0.0
Robinson Cybergate Plaza	0	102	102	0.0002	0.0	0.0002	0.0	0.0
Robinson Cybergate Tower 3	1	206	207	0.0004	0.0001	0.0004	1.25	0.0
Robinsons Cybergate Iloilo	0	6	6	0.0	0.0	0.0	0.0	0.0
Robinsons Equitable Tower	7	936	943	0.0019	0.0009	0.0019	0.81	0.0
Robinsons Summit Center	1	202	203	0.0004	0.0001	0.0004	1.23	0.0
SLUZ_ Brent International Food Festival_March 15 2025	0	22	22	0.0	0.0	0.0	0.0	0.0
SLUZ_Ayala Mall Serin Tagaytay_Dec 2024	3	12	15	0.0	0.0004	0.0	-2.7	0.0
SLUZ_Bay Mall Batangas City_Dec 2024	2	13	15	0.0	0.0002	0.0	-2.21	0.0
SLUZ_CLA Town Center Mall Pagsanjan Laguna_Nov 2024	0	1	1	0.0	0.0	0.0	0.0	0.0
SLUZ_Central Mall Binan Laguna_Jan 2025	3	8	11	0.0	0.0004	0.0	-3.1	0.0
SLUZ_Imart Shopping Center Binan Laguna_Nov 2024	2	36	38	0.0001	0.0002	0.0001	-1.19	0.0
SLUZ_Lucky Golden Shopping Mall Padre Garcia Batangas_Jan 2025	1	6	7	0.0	0.0001	0.0	-2.29	0.0
SLUZ_Newstar Lipa Batangas_Jan 2025	3	8	11	0.0	0.0004	0.0	-3.1	0.0
SLUZ_Newstar Sta Rosa Laguna_Dec 2024	1	1	2	0.0	0.0001	0.0	-4.08	0.0
SLUZ_Nuciti Central Mall Calapan Mindoro_Oct 2024	0	1	1	0.0	0.0	0.0	0.0	0.0
SLUZ_Pacific Mall Lucena_Aug 2024	1	13	14	0.0	0.0001	0.0	-1.52	0.0
SLUZ_RFC Molino Mall_Dec 2024	7	35	42	0.0001	0.0009	0.0001	-2.47	0.0
SLUZ_Shoppers Gateway San Pablo Laguna_Dec 2024	0	10	10	0.0	0.0	0.0	0.0	0.0
SLUZ_Victory Mall & Market Tanauan_Sep 2024	3	28	31	0.0001	0.0004	0.0001	-1.85	0.0
SM Aura	2	468	470	0.001	0.0002	0.001	1.37	0.0
SM Seaside Cebu	0	16	16	0.0	0.0	0.0	0.0	0.0
SM Store BF Para√±aque	3	539	542	0.0011	0.0004	0.0011	1.11	0.0
SM Store Bacolod	0	8	8	0.0	0.0	0.0	0.0	0.0
SM Store Bacoor	1	435	436	0.0009	0.0001	0.0009	1.99	0.0
SM Store Baguio	0	540	540	0.0011	0.0	0.0011	0.0	0.0
SM Store Bataan	0	13	13	0.0	0.0	0.0	0.0	0.0
SM Store Batangas	0	47	47	0.0001	0.0	0.0001	0.0	0.0
SM Store Cabanatuan	0	13	13	0.0	0.0	0.0	0.0	0.0
SM Store Calamba	1	379	380	0.0008	0.0001	0.0008	1.86	0.0
SM Store Cauayan	0	11	11	0.0	0.0	0.0	0.0	0.0
SM Store Cebu	2	333	335	0.0007	0.0002	0.0007	1.03	0.0
SM Store Davao	2	720	722	0.0015	0.0002	0.0015	1.8	0.0
SM Store Fairview	4	663	667	0.0014	0.0005	0.0014	1.03	0.0
SM Store Iloilo	0	4	4	0.0	0.0	0.0	0.0	0.0
SM Store JMall	0	10	10	0.0	0.0	0.0	0.0	0.0
SM Store Lanang	4	469	473	0.001	0.0005	0.001	0.68	0.0
SM Store Laoag	0	2	2	0.0	0.0	0.0	0.0	0.0
SM Store Lipa	0	344	344	0.0007	0.0	0.0007	0.0	0.0
SM Store Lucena	0	18	18	0.0	0.0	0.0	0.0	0.0
SM Store Makati	1	327	328	0.0007	0.0001	0.0007	1.71	0.0
SM Store Mall of Asia	1	811	812	0.0016	0.0001	0.0017	2.62	0.0
SM Store Masinag	0	1	1	0.0	0.0	0.0	0.0	0.0
SM Store Megamall	2	568	570	0.0012	0.0002	0.0012	1.57	0.0
SM Store North EDSA	3	551	554	0.0011	0.0004	0.0011	1.13	0.0
SM Store Novaliches	0	12	12	0.0	0.0	0.0	0.0	0.0
SM Store Puerto Princesa	0	7	7	0.0	0.0	0.0	0.0	0.0
SM Store Santa Rosa	1	192	193	0.0004	0.0001	0.0004	1.18	0.0
SM Store Sorsogon	0	63	63	0.0001	0.0	0.0001	0.0	0.0
SM Store Southmall	1	490	491	0.001	0.0001	0.001	2.11	0.0
SM Store Sto. Tomas	0	85	85	0.0002	0.0	0.0002	0.0	0.0
SM Store Tanza	0	79	79	0.0002	0.0	0.0002	0.0	0.0
SM Store Tarlac	0	5	5	0.0	0.0	0.0	0.0	0.0
SM Store Tuguegarao	0	2	2	0.0	0.0	0.0	0.0	0.0
SNCR_ PFF Press Launch March 2025	0	22	22	0.0	0.0	0.0	0.0	0.0
SNCR_Divisoria Mall Aug 2024	2	14	16	0.0	0.0002	0.0	-2.14	0.0
SNCR_GTB Royal Caribbean Group_May 2025	0	3	3	0.0	0.0	0.0	0.0	0.0
SNCR_Greenhills Sep 2024	1	7	8	0.0	0.0001	0.0	-2.14	0.0
SNCR_Isetann Recto Dec 2024	10	10	20	0.0	0.0012	0.0	-4.08	0.0
SSD BANGUED - CAPITULATION	2	207	209	0.0004	0.0002	0.0004	0.56	0.0
SSD LUCENA 2	0	1019	1019	0.0021	0.0	0.0021	0.0	0.0
SSD LUCENA 3	1	887	888	0.0018	0.0001	0.0018	2.71	0.0
SSD ZAMBALES MASINLOC	1	136	137	0.0003	0.0001	0.0003	0.83	0.0
SW Anabu Imus	2	442	444	0.0009	0.0002	0.0009	1.32	0.0
SW Basak Cebu	6	861	867	0.0018	0.0007	0.0018	0.88	0.0
SW Chino Roces Makati	7	1178	1185	0.0024	0.0009	0.0024	1.04	0.0
SW Circuit Makati	21	1574	1595	0.0032	0.0026	0.0032	0.23	0.0
SW Commonwealth	2	544	546	0.0011	0.0002	0.0011	1.52	0.0
SW Festival Mall Alabang	13	2361	2374	0.0048	0.0016	0.0049	1.12	0.0
SW Gateway 2 Mall	7	1118	1125	0.0023	0.0009	0.0023	0.99	0.0
SW Grand Terminal Batangas	3	982	985	0.002	0.0004	0.002	1.71	0.0
SW LKK Center CDO	2	277	279	0.0006	0.0002	0.0006	0.85	0.0
SW Lancaster Imus	3	392	395	0.0008	0.0004	0.0008	0.79	0.0
SW San Pedro Laguna	1	268	269	0.0005	0.0001	0.0006	1.51	0.0
SW San Roque Antipolo	0	630	630	0.0013	0.0	0.0013	0.0	0.0
SW Shopking San Fernando	0	328	328	0.0007	0.0	0.0007	0.0	0.0
SW Sta Rosa	1	453	454	0.0009	0.0001	0.0009	2.03	0.0
SW Sucat	15	1077	1092	0.0022	0.0018	0.0022	0.19	0.0
Spatio Opus Mall	0	146	146	0.0003	0.0	0.0003	0.0	0.0
St Lukes BGC	1	103	104	0.0002	0.0001	0.0002	0.55	0.0
St Lukes QC	0	106	106	0.0002	0.0	0.0002	0.0	0.0
TMP 8 Forbes Town Road Taguig	3	289	292	0.0006	0.0004	0.0006	0.49	0.0
TMP AYALA ALABANG	2	291	293	0.0006	0.0002	0.0006	0.9	0.0
TMP Alphaland Makati	1	197	198	0.0004	0.0001	0.0004	1.2	0.0
TMP Ayala Center Cebu	2	403	405	0.0008	0.0002	0.0008	1.22	0.0
TMP Ayala The 30th Pasig	1	387	388	0.0008	0.0001	0.0008	1.88	0.0
TMP Ayala Triangle Makati	2	301	303	0.0006	0.0002	0.0006	0.93	0.0
TMP Banawa Cebu	2	319	321	0.0007	0.0002	0.0007	0.99	0.0
TMP CORINTHIAN HILLS	0	111	111	0.0002	0.0	0.0002	0.0	0.0
TMP Capitol	1	125	126	0.0003	0.0001	0.0003	0.75	0.0
TMP Central Square BGC	1	431	432	0.0009	0.0001	0.0009	1.98	0.0
TMP Centrio CDO	7	1512	1519	0.0031	0.0009	0.0031	1.29	0.0
TMP Century Mall Makati	4	264	268	0.0005	0.0005	0.0005	0.11	0.0
TMP EDSA Shangri-la	3	593	596	0.0012	0.0004	0.0012	1.2	0.0
TMP Eastwood Libis	0	198	198	0.0004	0.0	0.0004	0.0	0.0
TMP Galleria Cebu	4	1712	1716	0.0035	0.0005	0.0035	1.98	0.01
TMP KATIPUNAN	0	106	106	0.0002	0.0	0.0002	0.0	0.0
TMP Leonard Wood Baguio	0	122	122	0.0002	0.0	0.0003	0.0	0.0
TMP MAKATI	2	270	272	0.0006	0.0002	0.0006	0.82	0.0
TMP Met Live Pasay	2	365	367	0.0007	0.0002	0.0008	1.12	0.0
TMP Oakridge BC Cebu	2	336	338	0.0007	0.0002	0.0007	1.04	0.0
TMP Opus Bridge Towne	2	299	301	0.0006	0.0002	0.0006	0.93	0.0
TMP Parqal	3	408	411	0.0008	0.0004	0.0008	0.83	0.0
TMP Paseo de Magallanes	1	180	181	0.0004	0.0001	0.0004	1.11	0.0
TMP Powerplant Mall Rockwell	4	512	516	0.001	0.0005	0.0011	0.77	0.0
TMP RP MAGNOLIA	2	626	628	0.0013	0.0002	0.0013	1.66	0.0
TMP Santolan Town Plaza	2	174	176	0.0004	0.0002	0.0004	0.38	0.0
TMP Tomas Morato	1	345	346	0.0007	0.0001	0.0007	1.76	0.0
TMP Uptown Place Mall Taguig	5	1157	1162	0.0024	0.0006	0.0024	1.36	0.0
TMP Venice Grand McKinley	3	877	880	0.0018	0.0004	0.0018	1.6	0.0
Teleperformance Alabang 19F	1	140	141	0.0003	0.0001	0.0003	0.86	0.0
Teleperformance Alabang 5F	1	225	226	0.0005	0.0001	0.0005	1.33	0.0
Teleperformance Alphaland Magallanes	1	6	7	0.0	0.0001	0.0	-2.29	0.0
Teleperformance Antipolo	1	215	216	0.0004	0.0001	0.0004	1.29	0.0
Teleperformance Aura	0	160	160	0.0003	0.0	0.0003	0.0	0.0
Teleperformance Ayala Makati	1	760	761	0.0015	0.0001	0.0016	2.55	0.0
Teleperformance Bacolod	0	305	305	0.0006	0.0	0.0006	0.0	0.0
Teleperformance Baguio	0	13	13	0.0	0.0	0.0	0.0	0.0
Teleperformance CDO	0	131	131	0.0003	0.0	0.0003	0.0	0.0
Teleperformance Cebu IT Park	0	374	374	0.0008	0.0	0.0008	0.0	0.0
Teleperformance Cebu Insular	0	18	18	0.0	0.0	0.0	0.0	0.0
Teleperformance Davao	1	78	79	0.0002	0.0001	0.0002	0.27	0.0
Teleperformance EDSA Mandaluyong	2	371	373	0.0008	0.0002	0.0008	1.14	0.0
Teleperformance Eastwood	0	3	3	0.0	0.0	0.0	0.0	0.0
Teleperformance Fairview	3	378	381	0.0008	0.0004	0.0008	0.75	0.0
Teleperformance Fairview Terraces	1	598	599	0.0012	0.0001	0.0012	2.31	0.0
Teleperformance GenSan Cloud Campus Site	0	19	19	0.0	0.0	0.0	0.0	0.0
Teleperformance Laoag Cloud Campus Site	0	1	1	0.0	0.0	0.0	0.0	0.0
Teleperformance MOA	0	594	594	0.0012	0.0	0.0012	0.0	0.0
Teleperformance McKinley	2	285	287	0.0006	0.0002	0.0006	0.88	0.0
Teleperformance Molino	0	6	6	0.0	0.0	0.0	0.0	0.0
Teleperformance Octagon	0	2	2	0.0	0.0	0.0	0.0	0.0
Teleperformance Rockwell	1	218	219	0.0004	0.0001	0.0004	1.3	0.0
Teleperformance Silver City	0	99	99	0.0002	0.0	0.0002	0.0	0.0
Teleperformance Sucat	0	5	5	0.0	0.0	0.0	0.0	0.0
Teleperformance Vertis North	0	183	183	0.0004	0.0	0.0004	0.0	0.0
True Value Mitsukoshi Mall BGC	2	466	468	0.0009	0.0002	0.001	1.37	0.0
Ubiquity BGC	27	8	35	0.0001	0.0033	0.0	-5.3	0.02
Ubiquity Bacolod Ayala	0	91	91	0.0002	0.0	0.0002	0.0	0.0
Ubiquity Bacolod CyberCentre	0	66	66	0.0001	0.0	0.0001	0.0	0.0
Ubiquity CDO	0	15	15	0.0	0.0	0.0	0.0	0.0
Ubiquity Eastwood	0	50	50	0.0001	0.0	0.0001	0.0	0.0
Ubiquity Laguna	0	16	16	0.0	0.0	0.0	0.0	0.0
VIS_Cebu IPI Run May 2025	0	18	18	0.0	0.0	0.0	0.0	0.0
VIS_Contact Islands Cebu_ May 2025	0	7	7	0.0	0.0	0.0	0.0	0.0
VIS_PACIFIC MALL MANDAUE CITY CEBU JULY 2024	6	1232	1238	0.0025	0.0007	0.0025	1.24	0.0
VIS_PROJECT CITY MALL DANAO CITY CEBU 2025	3	1232	1235	0.0025	0.0004	0.0025	1.94	0.0
VIS_PROJECT CITY SQUARE TAGBILARAN BOHOL August 2024	2	294	296	0.0006	0.0002	0.0006	0.91	0.0
VIS_PROJECT GAISANO GRAND FIESTA MALL TABUNOK OCTOBER 2024	5	341	346	0.0007	0.0006	0.0007	0.14	0.0
VIS_PROJECT GAISANO GRAND MALL LAPAZ ILOILO CITY 2024	3	2	5	0.0	0.0004	0.0	-4.49	0.0
VIS_PROJECT GAISANO MARKET ROXAS CITY 2025	0	401	401	0.0008	0.0	0.0008	0.0	0.0
VIS_PROJECT INSULAR SQUARE MANDAUE OCTOBER 2024	3	4	7	0.0	0.0004	0.0	-3.79	0.0
VIS_PROJECT ISLAND CITY MALL TAGBILARAN BOHOL SEPT 2024	2	1638	1640	0.0033	0.0002	0.0034	2.63	0.01
VIS_PROJECT MAXIM NRA Cebu City APR 2024	2	942	944	0.0019	0.0002	0.0019	2.07	0.0
VIS_PROJECT PARK MALL MANDAUE OCTOBER 2024	8	1206	1214	0.0025	0.001	0.0025	0.93	0.0
VIS_Project Colonnade Mall Cebu City Aug 2024	4	401	405	0.0008	0.0005	0.0008	0.53	0.0
VRP Medical Center	1	6	7	0.0	0.0001	0.0	-2.29	0.0
Grand Total	8184	485005	493189	1.0	1.0	1.0	0.0	1.3

latest_kiosk_interaction_organisation_presence_category	Category	CONFIRMED_FRAUD	NON_FRAUD	Grand Total	Share	PercentBad	PercentGood	WoE	IV
AHMC	0	423	423	0.0009	0.0	0.0009	0.0	0.0
Accenture	3	1193	1196	0.0024	0.0004	0.0025	1.9	0.0
CSMC	1	242	243	0.0005	0.0001	0.0005	1.41	0.0
Cognizant	2	292	294	0.0006	0.0002	0.0006	0.9	0.0
Concentrix	21	4229	4250	0.0086	0.0026	0.0087	1.22	0.01
DIY & Hardware	2	466	468	0.0009	0.0002	0.001	1.37	0.0
Department Store	180	48656	48836	0.099	0.022	0.1003	1.52	0.12
EVENTS	18	922	940	0.0019	0.0022	0.0019	-0.15	0.0
Events	90	14848	14938	0.0303	0.011	0.0306	1.02	0.02
Foundever	9	1879	1888	0.0038	0.0011	0.0039	1.26	0.0
HOSPITAL	1	20	21	0.0	0.0001	0.0	-1.09	0.0
Head Office	0	3	3	0.0	0.0	0.0	0.0	0.0
JG Roadshow	13	221	234	0.0005	0.0016	0.0005	-1.25	0.0
MALLS	10	989	999	0.002	0.0012	0.002	0.51	0.0
MASA	0	14	14	0.0	0.0	0.0	0.0	0.0
MAXIM	2	939	941	0.0019	0.0002	0.0019	2.07	0.0
Malls	1	644	645	0.0013	0.0001	0.0013	2.39	0.0
Maxicare	1	64	65	0.0001	0.0001	0.0001	0.08	0.0
No Kiosk Interaction	6645	153370	160015	0.3244	0.812	0.3162	-0.94	0.47
OFFICE	25	4877	4902	0.0099	0.0031	0.0101	1.19	0.01
Pharmacy	4	2249	2253	0.0046	0.0005	0.0046	2.25	0.01
Polystar	2	130	132	0.0003	0.0002	0.0003	0.09	0.0
RLC	4	905	909	0.0018	0.0005	0.0019	1.34	0.0
SM Store	28	8225	8253	0.0167	0.0034	0.017	1.6	0.02
St. Lukes	0	202	202	0.0004	0.0	0.0004	0.0	0.0
Supermarket	1079	233541	234620	0.4757	0.1318	0.4815	1.3	0.45
Teleperformance	15	5187	5202	0.0105	0.0018	0.0107	1.76	0.02
Ubiquity	27	246	273	0.0006	0.0033	0.0005	-1.87	0.01
VRP	1	6	7	0.0	0.0001	0.0	-2.29	0.0
Wodd Coffee	0	23	23	0.0	0.0	0.0	0.0	0.0
Grand Total	8184	485005	493189	1.0	1.0	1.0	0.0	1.15

latest_kiosk_interaction_organisation_name	Category	CONFIRMED_FRAUD	NON_FRAUD	Grand Total	Share	PercentBad	PercentGood	WoE	IV
ACN	1	178	179	0.0004	0.0001	0.0004	1.1	0.0
AHMC	0	64	64	0.0001	0.0	0.0001	0.0	0.0
ASIAN HOSPITAL	0	359	359	0.0007	0.0	0.0007	0.0	0.0
Accenture	2	1015	1017	0.0021	0.0002	0.0021	2.15	0.0
CEBPAC	13	221	234	0.0005	0.0016	0.0005	-1.25	0.0
COG	0	25	25	0.0001	0.0	0.0001	0.0	0.0
CONCEN	1	674	675	0.0014	0.0001	0.0014	2.43	0.0
CSMC	1	242	243	0.0005	0.0001	0.0005	1.41	0.0
Cognizant	2	267	269	0.0005	0.0002	0.0006	0.81	0.0
Concentrix	20	3555	3575	0.0072	0.0024	0.0073	1.1	0.01
FE	0	276	276	0.0006	0.0	0.0006	0.0	0.0
Foundever	9	1603	1612	0.0033	0.0011	0.0033	1.1	0.0
GoTyme Bank	0	3	3	0.0	0.0	0.0	0.0	0.0
MASA	0	14	14	0.0	0.0	0.0	0.0	0.0
MIN	5	571	576	0.0012	0.0006	0.0012	0.66	0.0
Maxicare	2	99	101	0.0002	0.0002	0.0002	-0.18	0.0
NB	1	1695	1696	0.0034	0.0001	0.0035	3.35	0.01
NLUZ	21	8829	8850	0.0179	0.0026	0.0182	1.96	0.03
NNCR	18	974	992	0.002	0.0022	0.002	-0.09	0.0
No Kiosk Interaction	6645	153370	160015	0.3244	0.812	0.3162	-0.94	0.47
NonEco	0	23	23	0.0	0.0	0.0	0.0	0.0
POLY	0	7	7	0.0	0.0	0.0	0.0	0.0
Polystar	2	123	125	0.0003	0.0002	0.0003	0.04	0.0
RDS	9	9203	9212	0.0187	0.0011	0.019	2.85	0.05
RE	26	10119	10145	0.0206	0.0032	0.0209	1.88	0.03
RLC	29	5688	5717	0.0116	0.0035	0.0117	1.2	0.01
RLCEXXA	0	24	24	0.0	0.0	0.0	0.0	0.0
RLCGIGA	0	25	25	0.0001	0.0	0.0001	0.0	0.0
RLCTERRA	0	25	25	0.0001	0.0	0.0001	0.0	0.0
RLCZETA	0	5	5	0.0	0.0	0.0	0.0	0.0
RRHI	1193	228366	229559	0.4655	0.1458	0.4709	1.17	0.38
RS	27	30103	30130	0.0611	0.0033	0.0621	2.93	0.17
SLUZ	26	194	220	0.0004	0.0032	0.0004	-2.07	0.01
SM Retail	24	4626	4650	0.0094	0.0029	0.0095	1.18	0.01
SMSTORE	4	3599	3603	0.0073	0.0005	0.0074	2.72	0.02
SNCR	13	56	69	0.0001	0.0016	0.0001	-2.62	0.0
SPA	0	25	25	0.0001	0.0	0.0001	0.0	0.0
SSD	0	493	493	0.001	0.0	0.001	0.0	0.0
STLUKES	0	50	50	0.0001	0.0	0.0001	0.0	0.0
SW	5	2283	2288	0.0046	0.0006	0.0047	2.04	0.01
St. Lukes	0	152	152	0.0003	0.0	0.0003	0.0	0.0
TMP	3	2548	2551	0.0052	0.0004	0.0053	2.66	0.01
TP	0	1064	1064	0.0022	0.0	0.0022	0.0	0.0
TV	1	77	78	0.0002	0.0001	0.0002	0.26	0.0
Teleperformance	15	4123	4138	0.0084	0.0018	0.0085	1.53	0.01
UQUITY	0	42	42	0.0001	0.0	0.0001	0.0	0.0
Ubiquity	27	204	231	0.0005	0.0033	0.0004	-2.06	0.01
VIS	38	7718	7756	0.0157	0.0046	0.0159	1.23	0.01
VRP	1	6	7	0.0	0.0001	0.0	-2.29	0.0
Grand Total	8184	485005	493189	1.0	1.0	1.0	0.0	1.26

latest_kiosk_interaction_kiosk_interaction_type	Category	CONFIRMED_FRAUD	NON_FRAUD	Grand Total	Share	PercentBad	PercentGood	WoE	IV
CREATE_ACCOUNT	4	29	33	0.0001	0.0005	0.0001	-2.1	0.0
No Kiosk Interaction	6645	153366	160011	0.3244	0.812	0.3162	-0.94	0.47
PRINT_CARD	1535	331610	333145	0.6755	0.1876	0.6837	1.29	0.64
Grand Total	8184	485005	493189	1.0	1.0	1.0	0.0	1.11

first_fila_bank_code	Category	CONFIRMED_FRAUD	NON_FRAUD	Grand Total	Share	PercentBad	PercentGood	WoE	IV
BPI	98	14152	14250	0.0289	0.012	0.0292	0.89	0.02
CHINABANK	8	1158	1166	0.0024	0.001	0.0024	0.89	0.0
No FILA Interaction	7936	462890	470826	0.9547	0.9697	0.9544	-0.02	0.0
RCBC	92	1570	1662	0.0034	0.0112	0.0032	-1.24	0.01
UBP	50	5235	5285	0.0107	0.0061	0.0108	0.57	0.0
Grand Total	8184	485005	493189	1.0	1.0	1.0	0.0	0.03

final_tag	Category	CONFIRMED_FRAUD	NON_FRAUD	Grand Total	Share	PercentBad	PercentGood	WoE	IV
CONFIRMED_FRAUD	7933	11	7944	0.0161	0.9693	0.0	-10.66	10.34
NON_FRAUD	251	484994	485245	0.9839	0.0307	1.0	3.48	3.38
Grand Total	8184	485005	493189	1.0	1.0	1.0	0.0	13.71

dna_final_tag	Category	CONFIRMED_FRAUD	NON_FRAUD	Grand Total	Share	PercentBad	PercentGood	WoE	IV
CONFIRMED_FRAUD	8184	0	8184	0.0166	1.0	0.0	0.0	-0.0
NON_FRAUD	0	485005	485005	0.9834	0.0	1.0	0.0	0.0
Grand Total	8184	485005	493189	1.0	1.0	1.0	0.0	0.0

fraud_types	Category	CONFIRMED_FRAUD	NON_FRAUD	Grand Total	Share	PercentBad	PercentGood	WoE	IV
ATO	1557	0	1557	0.0032	0.1902	0.0	0.0	-0.0
CBD	129	0	129	0.0003	0.0158	0.0	0.0	-0.0
GAMIFICATION	2	0	2	0.0	0.0002	0.0	0.0	-0.0
MULE	5002	0	5002	0.0101	0.6112	0.0	0.0	-0.0
NONE	0	485005	485005	0.9834	0.0	1.0	0.0	0.0
ORIGINATION_FRAUD_ID_RELATED	128	0	128	0.0003	0.0156	0.0	0.0	-0.0
REPORTED_BY_OTHER_BANK	1	0	1	0.0	0.0001	0.0	0.0	-0.0
SCAM	1364	0	1364	0.0028	0.1667	0.0	0.0	-0.0
SMISHING	1	0	1	0.0	0.0001	0.0	0.0	-0.0
Grand Total	8184	485005	493189	1.0	1.0	1.0	0.0	0.0

fraud_channel_source	Category	CONFIRMED_FRAUD	NON_FRAUD	Grand Total	Share	PercentBad	PercentGood	WoE	IV
ACTIIMIZE	2	0	2	0.0	0.0002	0.0	0.0	-0.0
COMPLAINTS	8182	0	8182	0.0166	0.9998	0.0	0.0	-0.0
NONE	0	485005	485005	0.9834	0.0	1.0	0.0	0.0
Grand Total	8184	485005	493189	1.0	1.0	1.0	0.0	0.0

matching_level	Category	CONFIRMED_FRAUD	NON_FRAUD	Grand Total	Share	PercentBad	PercentGood	WoE	IV
LEVEL_0	93	3827	3920	0.0079	0.0114	0.0079	-0.36	0.0
LEVEL_15	4642	158676	163318	0.3311	0.5672	0.3272	-0.55	0.13
LEVEL_4	0	6	6	0.0	0.0	0.0	0.0	0.0
LEVEL_5	2	22	24	0.0	0.0002	0.0	-1.68	0.0
LEVEL_6	55	5561	5616	0.0114	0.0067	0.0115	0.53	0.0
No Matching Level	3392	316913	320305	0.6495	0.4145	0.6534	0.46	0.11
Grand Total	8184	485005	493189	1.0	1.0	1.0	0.0	0.25

change_email_flag	Category	CONFIRMED_FRAUD	NON_FRAUD	Grand Total	Share	PercentBad	PercentGood	WoE	IV
0	7045	481120	488165	0.9898	0.8608	0.992	0.14	0.02
1	1139	3885	5024	0.0102	0.1392	0.008	-2.86	0.37
Grand Total	8184	485005	493189	1.0	1.0	1.0	0.0	0.39

change_mob_num_flag	Category	CONFIRMED_FRAUD	NON_FRAUD	Grand Total	Share	PercentBad	PercentGood	WoE	IV
0	6771	478463	485234	0.9839	0.8273	0.9865	0.18	0.03
1	1413	6542	7955	0.0161	0.1727	0.0135	-2.55	0.41
Grand Total	8184	485005	493189	1.0	1.0	1.0	0.0	0.43

flag_txn_dropoff_after_wk1	Category	CONFIRMED_FRAUD	NON_FRAUD	Grand Total	Share	PercentBad	PercentGood	WoE	IV
0.0	7396	388540	395936	0.8028	0.9037	0.8011	-0.12	0.01
1.0	788	96465	97253	0.1972	0.0963	0.1989	0.73	0.07
Grand Total	8184	485005	493189	1.0	1.0	1.0	0.0	0.09
